,Date (BBC),Tweet (BBC),Negative Score (BBC),Neutral Score (BBC),Positive Score (BBC),Compound Score (BBC),Date (CBS),Tweet (CBS),Negative Score (CBS),Neutral Score (CBS),Positive Score (CBS),Compound Score (CBS),Date (CNN),Tweet (CNN),Negative Score (CNN),Neutral Score (CNN),Positive Score (CNN),Compound Score (CNN),Date (Fox),Tweet (Fox),Negative Score (Fox),Neutral Score (Fox),Positive Score (Fox),Compound Score (Fox),Date (New York Times),Tweet (New York Times),Negative Score (New York Times),Neutral Score (New York Times),Positive Score (New York Times),Compound Score (New York Times)
0,Sun Dec 10 21:34:02 +0000 2017,"RT @BBCOne: SO. MUCH. CUTE. üòç
#AttenboroughandtheGiantElephant https://t.co/4UyVvh6qBm",0.0,0.56,0.44,0.6915,Mon Dec 11 00:26:50 +0000 2017,"Due to NFL overrun, CBS is delayed 8 mins in the following ET &amp; CT markets: Hunstville, AL, Bowling Green, KY, MS,‚Ä¶ https://t.co/gbwhgooEQd",0.083,0.917,0.0,-0.2263,Mon Dec 11 04:00:21 +0000 2017,Democratic lawmakers have asked the Treasury Department for documents on financial dealings with Russia‚Ä¶ https://t.co/pBmTUHxsAz,0.0,0.886,0.114,0.2023,Mon Dec 11 04:17:05 +0000 2017,"On @ffweekend, @SheriffClarke slammed Rep. John Lewis for boycotting @POTUS's appearance at a Civil Rights museum i‚Ä¶ https://t.co/29ZcytSMHN",0.144,0.856,0.0,-0.4019,Mon Dec 11 04:12:09 +0000 2017,Your cat tattoo can have your actual cat in it https://t.co/wyrGCMsrld,0.0,1.0,0.0,0.0
1,Sun Dec 10 21:02:27 +0000 2017,RT @BBCEarth: 'Never before have we had such an awareness of what we are doing to the planet and never before have we had the power to do s‚Ä¶,0.0,1.0,0.0,0.0,Mon Dec 11 00:25:54 +0000 2017,"Due to NFL overrun CBS is delayed 7 mins in the following ET &amp; CT markets Tampa, Chicago, Maryland, Michigan, Wash‚Ä¶ https://t.co/driVgCiX7D",0.087,0.913,0.0,-0.2263,Mon Dec 11 03:50:08 +0000 2017,McLaren's 'most extreme' road car costs $1 million https://t.co/a1Unk82nwx https://t.co/yvlL9LCdSq,0.0,1.0,0.0,0.0,Mon Dec 11 04:15:02 +0000 2017,"In his speech at the opening of the Mississippi Civil Rights Museum, @POTUS called for ""a future of freedom, equali‚Ä¶ https://t.co/CZfZZ60T4a",0.0,0.826,0.174,0.6369,Mon Dec 11 03:53:03 +0000 2017,RT @nytimesworld: Protests in Lebanon near U.S. embassy after Trump‚Äôs Jerusalem decision https://t.co/6QjgtAgUVj https://t.co/MVThAPnypJ,0.128,0.872,0.0,-0.2263
2,Sun Dec 10 21:00:06 +0000 2017,"üåπ@DuaLipa performing 'Homesick' was a completely stunning way to end this series of #SLFN. üíñ
Watch in full üëâ‚Ä¶ https://t.co/LgMlMfnv7F",0.0,0.855,0.145,0.4391,Sun Dec 10 22:49:02 +0000 2017,"RT @NoActivityCBS: If you want the intel, you get the tickles. üòÇ Stream the first 5 episodes of #NoActivity now: https://t.co/Wzq9bVOhGN ht‚Ä¶",0.0,0.936,0.064,0.0772,Mon Dec 11 03:40:30 +0000 2017,Venezuelan President Nicolas Maduro has said that some of the main opposition parties will not be allowed to run in‚Ä¶ https://t.co/VmN9pU5gEC,0.0,0.881,0.119,0.4019,Mon Dec 11 04:14:01 +0000 2017,".@JesseBWatters: ""The @FBI, the Department of Justice, and Robert Mueller's crew investigating the Trump campaign h‚Ä¶ https://t.co/PjZcl7KdhX",0.0,0.825,0.175,0.5267,Mon Dec 11 03:39:09 +0000 2017,Horror films dominated the cultural conversation in 2017. So @nytmag asked the year's best actors to perform in a s‚Ä¶ https://t.co/1zY2LD0VYi,0.143,0.695,0.162,0.128
3,Sun Dec 10 20:58:15 +0000 2017,"RT @BBCEarth: 'What shocks me ...is how fast things are changing here. We‚Äôre headed into uncharted territory' - @expeditionlog
#BluePlanet2‚Ä¶",0.126,0.874,0.0,-0.3818,Sun Dec 10 22:48:46 +0000 2017,RT @startrekcbs: .@albinokid and @wcruz73 are breaking new ground in #StarTrekDiscovery. üè≥Ô∏è‚Äçüåà Stream chapter 1 on CBS All Access: https://t‚Ä¶,0.0,1.0,0.0,0.0,Mon Dec 11 03:30:12 +0000 2017,These are the most eye-catching photos from 2017 https://t.co/lXgXsyNfa6 https://t.co/Z6N0yRLk60,0.0,1.0,0.0,0.0,Mon Dec 11 04:12:02 +0000 2017,"On @WattersWorld, @PressSec Sarah Sanders slammed former President @BarackObama for taking credit for the economy u‚Ä¶ https://t.co/y7ShRMmJ9q",0.0,0.86,0.14,0.3818,Mon Dec 11 03:25:04 +0000 2017,RT @nytimesworld: London's Heathrow Airport was brought to a virtual halt on Sunday after a snowstorm swept through the region https://t.co‚Ä¶,0.0,1.0,0.0,0.0
4,Sun Dec 10 20:57:07 +0000 2017,"RT @BBCOne: If we don‚Äôt act, coral reefs could be gone by the end of this century. üò¢ #BluePlanet2 https://t.co/OdOSKBtz0S",0.0,1.0,0.0,0.0,Sat Dec 09 18:24:37 +0000 2017,Don‚Äôt miss America‚Äôs Game! Stream the Army-Navy game LIVE today at 3PM ET with a FREE trial of #CBSAllAccess:‚Ä¶ https://t.co/38udnQj2vs,0.07,0.742,0.189,0.5754,Mon Dec 11 03:25:06 +0000 2017,"Heavy snow fell in many parts of the UK on Sunday as Storm Caroline, the biggest storm so far this year, caused wid‚Ä¶ https://t.co/R9UCEICrxm",0.0,1.0,0.0,0.0,Mon Dec 11 04:07:06 +0000 2017,"On @ffweekend, @GovMikeHuckabee responded to @ChelseaHandler, who tweeted a vulgar video that mocks @PressSec's wei‚Ä¶ https://t.co/RhrGg1lYpn",0.176,0.824,0.0,-0.4588,Mon Dec 11 03:13:26 +0000 2017,"17 ways to celebrate the season in New York City, from the familiar (Rockettes!) to the far-out (Taylor Mac!) https://t.co/50cu9mc8bC",0.0,0.816,0.184,0.6467
5,Sun Dec 10 20:49:42 +0000 2017,"RT @BBCEarth: In 1986, many nations decided to end commercial whaling, and fishermen are now reporting pods of whales with numbers never se‚Ä¶",0.0,1.0,0.0,0.0,Sat Dec 09 01:11:51 +0000 2017,"There's still time before we have to say so long! Catch up with Carol Burnett, her original castmates and special g‚Ä¶ https://t.co/WTiK8dzaXO",0.0,0.791,0.209,0.6476,Mon Dec 11 03:17:04 +0000 2017,"Global arms sales increased for the first time in five years in 2016, a new report says https://t.co/thhQ2sqH3c https://t.co/mjSUBUVzic",0.0,0.89,0.11,0.2732,Mon Dec 11 04:05:01 +0000 2017,".@HeyTammyBruce: ""Since [@POTUS] was elected, 2.2 million jobs were created... We want that to continue."" https://t.co/u7d0vqFwAS",0.0,0.92,0.08,0.0772,Mon Dec 11 02:56:51 +0000 2017,9 ways to work better in 2018 https://t.co/LMKfNrcMVS,0.0,0.674,0.326,0.4404
6,Sun Dec 10 20:45:04 +0000 2017,"Little things can make a big difference.
#BluePlanet2 via @BBCEarth https://t.co/hyzwA06cNw",0.0,1.0,0.0,0.0,Fri Dec 08 23:35:41 +0000 2017,RT @bigbangtheory: It's the biggest best friend breakup of the year... üò± Stream the latest full episode of #BigBangTheory: https://t.co/iIw‚Ä¶,0.0,0.697,0.303,0.8126,Mon Dec 11 03:05:48 +0000 2017,The revelation that a black hole grew in just five hundred million years challenges our models of how early galaxie‚Ä¶ https://t.co/A6dhPi6bDe,0.0,0.936,0.064,0.0772,Mon Dec 11 04:00:04 +0000 2017,".@PressSec: ""It's laughable that President Obama thinks he has anything to do with the success of where the economy‚Ä¶ https://t.co/kjoQyOpgNz",0.0,0.786,0.214,0.5994,Mon Dec 11 02:40:03 +0000 2017,A high-powered attorney died. His ex-wife investigated and found a web of drug abuse in his profession.‚Ä¶ https://t.co/U9UP9O0Ryt,0.358,0.642,0.0,-0.8316
7,Sun Dec 10 20:43:59 +0000 2017,"RT @BBCSpringwatch: Manmade materials are destroying #OurBluePlanet - this is how
#BluePlanet2 
https://t.co/sEccQzjv1r https://t.co/7ZmDOz‚Ä¶",0.231,0.769,0.0,-0.5574,Thu Dec 07 18:23:03 +0000 2017,"RT @AmazingRaceCBS: Presenting... the 30th cast of the #AmazingRace! Made up of champions and winners, this is quite literally the most com‚Ä¶",0.0,0.746,0.254,0.7777,Mon Dec 11 03:01:13 +0000 2017,Voting for CNN Hero of the Year CLOSES Tuesday 12/12 at 11:59pm PT -- VOTE NOW at https://t.co/ANMKKkTX4Z!‚Ä¶ https://t.co/dx1AFkowA7,0.0,0.822,0.178,0.5983,Mon Dec 11 03:56:01 +0000 2017,"On ""Sunday Morning Futures,"" @RepPeteKing pushed back on those claiming @DonaldJTrumpJr engaged in collusion with R‚Ä¶ https://t.co/u6MpfSs3Lr",0.0,0.856,0.144,0.4019,Mon Dec 11 02:16:54 +0000 2017,Op-Ed Columnist: Susan Collins and the Duping of Centrists https://t.co/sGjJ28NHxJ,0.0,1.0,0.0,0.0
8,Sun Dec 10 20:43:18 +0000 2017,"RT @BBCEarth: It‚Äôs estimated that tens of millions of sharks are killed each year from getting trapped in fishing nets
#BluePlanet2 https:/‚Ä¶",0.283,0.717,0.0,-0.836,Thu Dec 07 12:07:06 +0000 2017,Do you know all the nominees for Song Of The Year? Get familiar with this year's GRAMMY¬Æ Award nominees ahead of Mu‚Ä¶ https://t.co/I6hhOtfQjb,0.0,0.863,0.137,0.5423,Mon Dec 11 02:56:52 +0000 2017,"Sunday was a tale of two campaigns for Alabama‚Äôs special Senate election, with Democratic candidate Doug Jones barn‚Ä¶ https://t.co/jL6LWnNYrp",0.0,0.863,0.137,0.4019,Mon Dec 11 03:55:05 +0000 2017,".@PeterRoskam: ""We've got to figure out how to give more middle income tax relief."" https://t.co/AYnn1kZ2Iq",0.0,1.0,0.0,0.0,Mon Dec 11 02:00:51 +0000 2017,"In a Blow to Hamas, Israel Destroys Tunnel From Gaza https://t.co/qvmAm1MCIY",0.286,0.714,0.0,-0.5574
9,Sun Dec 10 20:24:26 +0000 2017,RT @BBCOne: These are *all* items regurgitated by birds. üò• #BluePlanet2 https://t.co/WyFtZHjKjx,0.0,1.0,0.0,0.0,Wed Dec 06 17:32:28 +0000 2017,"A new Twilight Zone original series is coming exclusively to CBS All Access in association with @JordanPeele,‚Ä¶ https://t.co/fVYnhUASee",0.0,0.874,0.126,0.3182,Mon Dec 11 02:47:04 +0000 2017,"""Time is of the essence,"" UN official says after visit to North Korea https://t.co/Ndbay5jZKB https://t.co/Ik94KKGF5X",0.0,1.0,0.0,0.0,Mon Dec 11 03:39:57 +0000 2017,".@SteveHiltonx: ""Republicans are wrong to claim that their tax bill will raise incomes as well. They don't seem to‚Ä¶ https://t.co/5ubvXJNRaa",0.134,0.776,0.091,-0.25,Mon Dec 11 01:52:46 +0000 2017,"""Dark"" plays like a slower, artsier, more complicated take on ""Stranger Things,"" our critic writes https://t.co/mwFkGjnwjd",0.113,0.645,0.242,0.34
10,Sun Dec 10 20:24:19 +0000 2017,"RT @BBCOne: Our rubbish, our responsibility. ‚úä #BluePlanet2 

Find out more about what you can do to help: https://t.co/LiA3x5I2gk. https:/‚Ä¶",0.0,0.87,0.13,0.4019,Tue Dec 05 19:21:31 +0000 2017,RT @SuperiorDonuts: You'll want to check this box! ‚òëÔ∏é Stream the latest episode of #SuperiorDonuts: https://t.co/h1xhKLCAPl https://t.co/d8‚Ä¶,0.0,0.91,0.09,0.1511,Mon Dec 11 02:36:11 +0000 2017,"""Mutual destruction is only one impulsive tantrum away."" 2017 Nobel Peace Prize winners urge world leaders to prohi‚Ä¶ https://t.co/cdt0zVvUGy",0.214,0.461,0.326,0.5267,Mon Dec 11 03:33:04 +0000 2017,'Queens of the Stone Age' singer apologizes for kicking photographer in his audience https://t.co/AXNq6eBbo5,0.0,0.839,0.161,0.3612,Mon Dec 11 01:35:34 +0000 2017,2017: The Year in New York https://t.co/oMSRlih8ib,0.0,1.0,0.0,0.0
11,Sun Dec 10 20:20:04 +0000 2017,Eight delightful dolphin photos that'll inspire you to help clean up our oceans. #BluePlanet2 üê¨‚ù§Ô∏èÔ∏è‚Ä¶ https://t.co/PP5l7QrqFP,0.0,0.482,0.518,0.9169,Tue Dec 05 19:14:00 +0000 2017,RT @YoungSheldon: Wondering what it's like behind the scenes of #YoungSheldon? Let star @OfficialRaeganR take you on a tour of the set! htt‚Ä¶,0.0,0.883,0.117,0.4199,Mon Dec 11 02:30:44 +0000 2017,3-D printing braces up sea turtle with gap in its shell https://t.co/mhGanIyPvv https://t.co/sfqprWjpiv,0.0,1.0,0.0,0.0,Mon Dec 11 03:27:57 +0000 2017,New evacuations as huge Southern California fire flares up https://t.co/SyZtnsbZcs,0.189,0.63,0.181,-0.0258,Mon Dec 11 01:17:47 +0000 2017,President Trump called for a Washington Post reporter to be fired over a misleading tweet https://t.co/NLAYpP1rDI,0.344,0.656,0.0,-0.743
12,Sun Dec 10 20:14:12 +0000 2017,"RT @BBCEarth: ‚ÄòWe‚Äôre only now beginning to realise what an impact noise is having on the inhabitants of the ocean‚Äô ‚Äì David Attenborough
#Bl‚Ä¶",0.0,1.0,0.0,0.0,Tue Dec 05 00:54:16 +0000 2017,The Kennedy Center Honors recognizes the lifetime contributions of all types of performance artists. Watch the 40th‚Ä¶ https://t.co/azF3rW2ptw,0.0,0.837,0.163,0.5106,Mon Dec 11 02:17:37 +0000 2017,"Turkish President Recep Tayyip Erdogan called Israel a ""terrorist"" and ""child-murderer state"" as he criticized US P‚Ä¶ https://t.co/BKnHlFnpqF",0.135,0.865,0.0,-0.3612,Mon Dec 11 03:18:31 +0000 2017,Pelosi suggests Trump early days in office like neophyte performing 'brain surgery' https://t.co/fjDqHcBn7x,0.0,0.828,0.172,0.3612,Mon Dec 11 00:57:34 +0000 2017,"Melting glaciers, wicked hot summers, water crises. These are the climate stories to read from this year. https://t.co/6tmy4MU3z0",0.167,0.833,0.0,-0.5267
13,Sun Dec 10 20:04:45 +0000 2017,"RT @BBCOne: ""The oceans are under threat now as never ever before in human history."" - Sir David Attenborough. #BluePlanet2 https://t.co/yn‚Ä¶",0.152,0.848,0.0,-0.5267,Tue Dec 05 00:03:06 +0000 2017,RT @YoungSheldon: There's something @elonmusk never told you about @spacex's Falcon 9. üìì  #YoungSheldon https://t.co/bu3W0IC8zN,0.0,1.0,0.0,0.0,Mon Dec 11 02:14:06 +0000 2017,A Hong Kong resident shares his tips for street photography so your images will look like a pro snapped them‚Ä¶ https://t.co/5WoufYP4mX,0.0,0.783,0.217,0.5719,Mon Dec 11 03:18:06 +0000 2017,"Right whales facing extinction after 17 die this year, scientists say https://t.co/In8c0Co8zf",0.262,0.738,0.0,-0.5994,Mon Dec 11 00:40:33 +0000 2017,A dying man had ‚Äúdo not resuscitate‚Äù tattooed on his chest. Doctors said it ‚Äúproduced more confusion than clarity.‚Äù https://t.co/d1C8KThhvB,0.122,0.878,0.0,-0.3597
14,Sun Dec 10 19:58:55 +0000 2017,"RT @BBCEarth: The countdown is on! The final episode of #BluePlanet2: Our Blue Planet starts 8pm GMT on @BBCOne, BBC Earth Nordics &amp; @BBCEa‚Ä¶",0.0,1.0,0.0,0.0,Mon Dec 04 20:52:31 +0000 2017,"Just like old times, Carol Burnett bumps up the lights and answers questions from the audience. Catch up on The Car‚Ä¶ https://t.co/9r7WI8d1tZ",0.0,0.894,0.106,0.3612,Mon Dec 11 02:00:23 +0000 2017,He was shot and killed by Chicago police in 2014. But that‚Äôs just the beginning of this story. #BeneathTheSkin‚Ä¶ https://t.co/5v9LwaIdhK,0.191,0.809,0.0,-0.6705,Mon Dec 11 03:14:27 +0000 2017,One dead after small plane crashes near Miami airport https://t.co/aay8Kxw71u,0.323,0.677,0.0,-0.6486,Mon Dec 11 00:22:04 +0000 2017,The Look: After-School Special https://t.co/MDkn8XkFiy,0.0,0.597,0.403,0.4019
15,Sun Dec 10 19:58:19 +0000 2017,"RT @BBCSpringwatch: Seven British conservation heroes you should know about - this lot deserve endless üëèüèΩüëèüèΩ
#BluePlanet2 #OurBluePlanet 
ht‚Ä¶",0.0,0.837,0.163,0.5106,Mon Dec 04 19:22:07 +0000 2017,Star comedian @JimCarrey gets emotional when he expresses his heartfelt thanks to Carol Burnett for her positive in‚Ä¶ https://t.co/5QCejBcg5T,0.0,0.496,0.504,0.9217,Mon Dec 11 01:51:58 +0000 2017,The Chicago Board Options Exchange on Sunday began trading bitcoin futures -- a new step for the cryptocurrency‚Ä¶ https://t.co/ioVnnfy3wf,0.0,1.0,0.0,0.0,Mon Dec 11 03:07:01 +0000 2017,"Earlier today, @FLOTUS called for charitable giving as the holidays approach. https://t.co/CIWZkTLmup",0.0,0.539,0.461,0.7717,Mon Dec 11 00:17:42 +0000 2017,The risk can‚Äôt be ignored but isn‚Äôt as great as it may seem from a recent study https://t.co/VYh6cV0i4H,0.14,0.613,0.247,0.6652
16,Sun Dec 10 19:50:01 +0000 2017,"'Good luck, little leatherback' - Sir David Attenborough üê¢

#BluePlanet2 | 8PM | @BBCOne https://t.co/vMliWBZFBE",0.0,0.604,0.396,0.7096,Mon Dec 04 07:14:06 +0000 2017,Take a trip down memory lane with Carol Burnett for a special tribute you'll never forget. Catch up on The Carol Bu‚Ä¶ https://t.co/XBINDav614,0.0,0.813,0.187,0.5213,Mon Dec 11 01:30:14 +0000 2017,"17 million infants around the world are breathing toxic air that can severely affect brain development, a new UNICE‚Ä¶ https://t.co/17hus7Dff3",0.143,0.857,0.0,-0.4588,Mon Dec 11 03:06:24 +0000 2017,"Self-propelled vessel intercepted smuggling more than 3,800 pounds of cocaine near Texas https://t.co/IDFCWeVXel https://t.co/3JNQh23DLb",0.193,0.807,0.0,-0.4767,Mon Dec 11 00:01:25 +0000 2017,Op-Ed Contributor: The Man Who Danced on the Heads of Snakes https://t.co/WBlhVk3eLq,0.0,1.0,0.0,0.0
17,Sun Dec 10 19:30:02 +0000 2017,"'There's a huge bomb up there. I'm 76% sure. It's not like the penguin hostage situation.' üêßüòÇ
#ScotSquad via‚Ä¶ https://t.co/x8I92iMImk",0.213,0.602,0.185,-0.1803,Mon Dec 04 03:02:00 +0000 2017,"RT @JLawlorNY: So, ok...maybe I'm crying at at the #CarolBurnett50 finale with everyone singing her theme song! #ImSoGladWeHadThisTimeToget‚Ä¶",0.177,0.823,0.0,-0.5655,Mon Dec 11 01:21:13 +0000 2017,"Global arms sales increased for the first time in five years in 2016, a new report says https://t.co/K6yTDlfed9 https://t.co/i4cYJ3hftu",0.0,0.89,0.11,0.2732,Mon Dec 11 03:01:32 +0000 2017,A.B. Stoddard on @facebook Messenger for kids: ‚ÄúWhen you are on those sites you are presenting a fake version of yo‚Ä¶ https://t.co/AinycBbIRD,0.134,0.866,0.0,-0.4767,Sun Dec 10 23:47:55 +0000 2017,The American ambassador to the UN said that the women who have accused Trump of sexual misconduct ‚Äúshould be heard‚Äù https://t.co/tgad1uL3Qp,0.099,0.901,0.0,-0.296
18,Sun Dec 10 19:00:02 +0000 2017,Miles of cable and thousands of twinkling bulbs have been used to create the longest festive tunnel of light in Eur‚Ä¶ https://t.co/C22wpljo2u,0.0,0.797,0.203,0.6249,Mon Dec 04 03:01:09 +0000 2017,RT @junerenee: A true classic and favorite!! Love #CarolBurnett50 laughed and cried...just like before!,0.0,0.328,0.672,0.9466,Mon Dec 11 00:45:05 +0000 2017,Israeli army destroys tunnel from Gaza https://t.co/emKGf8IPZW https://t.co/OHXDWt8Vtc,0.34,0.66,0.0,-0.5574,Mon Dec 11 02:56:14 +0000 2017,".@CLewandowski_: ""It took @BarackObama until February of his second year to get the ObamaCare bill done and it look‚Ä¶ https://t.co/QAQZuOWirk",0.0,1.0,0.0,0.0,Sun Dec 10 23:30:13 +0000 2017,"Luke Skywalker‚Äôs lineage is a narrative backbone in ""Star Wars."" So it's natural to wonder: who are Rey's parents?‚Ä¶ https://t.co/w9Mfts2iaA",0.0,0.866,0.134,0.4173
19,Sun Dec 10 18:33:05 +0000 2017,"Tonight, David Attenborough investigates the remarkable story of Jumbo the elephant. Attenborough and the Giant Ele‚Ä¶ https://t.co/4NK1B5ZNwr",0.0,0.816,0.184,0.5574,Mon Dec 04 02:51:35 +0000 2017,RT if you‚Äôve loved reliving these classic moments during #CarolBurnett50 https://t.co/I1tIWeSlsQ,0.0,0.719,0.281,0.5994,Mon Dec 11 00:30:08 +0000 2017,"During an appearance on a conspiracy-driven radio show in 2011, Alabama Senate candidate Roy Moore said getting rid‚Ä¶ https://t.co/B4cZRMxXO6",0.0,1.0,0.0,0.0,Mon Dec 11 02:51:49 +0000 2017,".@CLewandowski_ on the GOP's future: ""The people of this great country voted for change and that change is‚Ä¶ https://t.co/babVRr8Rhv",0.0,0.787,0.213,0.7073,Sun Dec 10 23:21:37 +0000 2017,How ISIS Produced Its Cruel Arsenal on an Industrial Scale https://t.co/afprGpE6NB,0.275,0.725,0.0,-0.5859
20,Sun Dec 10 18:00:06 +0000 2017,"98-year-old Mary wins Christmas, and our hearts. üéÅ‚ù§Ô∏èÔ∏è
Via @BBCLookNorth. https://t.co/4gOl16THuM",0.0,0.73,0.27,0.5719,Mon Dec 04 02:49:27 +0000 2017,RT @Mom101: I can't tell you the joy of seeing my 10yo laughing at this. Especially the Tim Conway dentist sketch.  #CarolBurnett50,0.0,0.731,0.269,0.7906,Mon Dec 11 00:15:05 +0000 2017,Sirius XM faces celebrity backlash after former White House Chief Strategist Steve Bannon rejoins radio show‚Ä¶ https://t.co/HLJZVwW78o,0.0,1.0,0.0,0.0,Mon Dec 11 02:43:53 +0000 2017,".@CLewandowski_: ""If a Republican is not willing to play ball, [@POTUS] is willing to call them out to fulfill the‚Ä¶ https://t.co/a1TGoxuZBl",0.089,0.785,0.126,0.2177,Sun Dec 10 23:10:01 +0000 2017,"RT @nytopinion: Over the last 50 years or so, the rules about a woman‚Äôs place were shattered. I saw all this happen, and it knocks me out w‚Ä¶",0.11,0.89,0.0,-0.4767
21,Sun Dec 10 17:51:08 +0000 2017,RT @BBCTwo: Who wants a Sneaky Peak at the next episode of #PeakyBlinders? üò± https://t.co/tzCB83ceSS,0.137,0.863,0.0,-0.2263,Mon Dec 04 02:47:39 +0000 2017,"RT @AdeleAndMike: Thank You for bringing back such wonderful memories, the entire family would gather to watch, and we would then laugh abo‚Ä¶",0.0,0.671,0.329,0.8689,Mon Dec 11 00:00:41 +0000 2017,The rise of a ‚Äòfish mafia‚Äô in this small Mexican town is killing off an entire population of small porpoises.‚Ä¶ https://t.co/W0tTmNUogp,0.188,0.812,0.0,-0.6597,Mon Dec 11 02:39:22 +0000 2017,".@CLewandowski_: ""@POTUS' base is stronger and more visceral today than it was on Election Day a year ago.""‚Ä¶ https://t.co/ASOdnpzel3",0.0,0.867,0.133,0.3818,Sun Dec 10 23:02:21 +0000 2017,"Porgs, Ewoks and Rathtars: A Field Guide to ‚ÄòStar Wars‚Äô Creatures https://t.co/S6siGWTZYo",0.0,1.0,0.0,0.0
22,Sun Dec 10 17:50:55 +0000 2017,"RT @bbcstories: ""I think people my age think that death is something to be scared of but I think it's like being free and at peace"" - Meet‚Ä¶",0.116,0.555,0.329,0.8765,Mon Dec 04 02:43:14 +0000 2017,RT @tessab13: The Siamese Elephants skit on the Carol Burnett show is such a classic and possibly my favorite. Loved Tim Conway! #CarolBurn‚Ä¶,0.0,0.736,0.264,0.8016,Sun Dec 10 23:46:37 +0000 2017,"‚ÄúWe're not looking for perfection, we're just looking for better than yesterday."" After rehab changed his life, Aar‚Ä¶ https://t.co/fVpZmBWzqm",0.131,0.742,0.127,-0.0253,Mon Dec 11 02:35:57 +0000 2017,".@CLewandowski_ on @POTUS' Israel decision: ""There are 12 presidents preceding him that pledged to do what he did,‚Ä¶ https://t.co/UmkaVWtpWr",0.0,1.0,0.0,0.0,Sun Dec 10 23:00:26 +0000 2017,Boris Johnson leaves Tehran without a clear statement on imprisoned Brits and a tank dispute https://t.co/M9iwZQJbF4,0.417,0.583,0.0,-0.7835
23,Sun Dec 10 17:30:06 +0000 2017,üìª How to deal with mental health issues in the family. https://t.co/48BOLabkXK https://t.co/7Eh3EjYywg,0.0,1.0,0.0,0.0,Mon Dec 04 02:26:30 +0000 2017,RT @inezpanebianco: @OfficialBPeters and Carol Burnett reminiscing back on the carol burnett show is my idea of a perfect night ‚ù§Ô∏è #CarolBu‚Ä¶,0.0,0.844,0.156,0.5719,Sun Dec 10 23:30:43 +0000 2017,President Trump spoke at the opening of the Mississippi Civil Rights Museum. Some civil rights and community leader‚Ä¶ https://t.co/sX8XMVX9k3,0.0,1.0,0.0,0.0,Mon Dec 11 02:33:12 +0000 2017,".@TomiLahren on @chelseahandler: ""She doesn't realize it, but she's @realDonaldTrump. She goes on Twitter, says som‚Ä¶ https://t.co/3rNlCJDgSM",0.0,1.0,0.0,0.0,Sun Dec 10 22:50:38 +0000 2017,An NYT reader's reaction to an article about President Trump‚Äôs daily fight for self-preservation‚Ä¶ https://t.co/F705vf9Qoi,0.157,0.843,0.0,-0.3818
24,Sun Dec 10 17:00:01 +0000 2017,This 12-year-old has created a cheap way to test lead levels in water using a mobile phone app. üö∞üì±Via @BBCClick. https://t.co/TWqttOHJX3,0.0,0.9,0.1,0.25,Mon Dec 04 02:22:42 +0000 2017,"What a performance by @OfficialBPeters, @KChenoweth, Carol Burnett, Steve Lawrence, and @StephenAtHome!‚Ä¶ https://t.co/DqewQ6ASQp",0.0,1.0,0.0,0.0,Sun Dec 10 23:15:08 +0000 2017,"Israel airstrikes, Gaza rockets amid tensions over Jerusalem https://t.co/8zRuyw7PO4 https://t.co/P47G7huOe0",0.231,0.769,0.0,-0.4019,Mon Dec 11 02:28:48 +0000 2017,".@guypbenson: ""It is exhausting to have politics shoved down my throat in every corner of American life all the tim‚Ä¶ https://t.co/owx7gcPw9E",0.111,0.889,0.0,-0.3612,Sun Dec 10 22:45:05 +0000 2017,"‚ÄúThe Disaster Artist‚Äù had a very strong weekend, taking in $6.4 million in relatively limited release https://t.co/aqQ9xFGouJ",0.266,0.575,0.159,-0.3415
25,Sun Dec 10 16:30:07 +0000 2017,üìûüëΩ We've been listening for signs of life from other worlds for decades with little success. But what should we do‚Ä¶ https://t.co/e3IETfS8cs,0.0,0.86,0.14,0.5279,Mon Dec 04 02:12:59 +0000 2017,RT @jonjeffryes: Bob Mackie created 65 costumes a week for The Carol Burnett Show #CarolBurnett50,0.0,0.867,0.133,0.25,Sun Dec 10 23:00:07 +0000 2017,FBI email shows Attorney General Jeff Sessions wasn't required to disclose foreign contacts for security clearance‚Ä¶ https://t.co/RWekrGKgQJ,0.0,0.87,0.13,0.34,Mon Dec 11 02:25:08 +0000 2017,".@TomiLahren on GOP tax plan: ""It's sending the message that we're gonna do something in Washington DC."" @NextRevFNC https://t.co/uS0aX04DRO",0.0,1.0,0.0,0.0,Sun Dec 10 22:30:05 +0000 2017,Louis C.K. will buy back the rights to his film after sexual misconduct allegations led to the movie‚Äôs shelving https://t.co/F92nFIGdzZ,0.0,1.0,0.0,0.0
26,Sun Dec 10 16:00:06 +0000 2017,Thousands of internet users have come together to buy this stunning castle... although it does need a little TLC. üè∞‚Ä¶ https://t.co/qhkNd4HyM5,0.0,0.864,0.136,0.4588,Mon Dec 04 01:56:26 +0000 2017,RT @bmayberry92: Steve Carell with that video submission though! üòÇ #carolburnett50,0.0,1.0,0.0,0.0,Sun Dec 10 22:45:07 +0000 2017,McLaren's 'most extreme' road car costs $1 million https://t.co/5CwE92eNfD https://t.co/GrQmRbIrMg,0.0,1.0,0.0,0.0,Mon Dec 11 02:20:08 +0000 2017,".@guypbensonon GOP tax plan: ""While it may not raise wages, it will allow people to keep more of their own money ra‚Ä¶ https://t.co/yoUxI14PNk",0.0,0.921,0.079,0.2263,Sun Dec 10 22:15:07 +0000 2017,"This ""Odyssey"" strips away formulaic language to let the characters take center stage https://t.co/EMx7fd4Q8S",0.0,1.0,0.0,0.0
27,Sun Dec 10 15:30:04 +0000 2017,"That was unexpected. üòÇ

Michael McIntyre's Big Show via @BBCOne. https://t.co/2QUZXppIbQ",0.0,1.0,0.0,0.0,Mon Dec 04 01:55:44 +0000 2017,She‚Äôs still got it! #CarolBurnett50 https://t.co/zTxZc5zrqP,0.0,1.0,0.0,0.0,Sun Dec 10 22:30:10 +0000 2017,"Vice President Mike Pence and Palestinian Authority President Mahmoud Abbas won't meet, vice president's office con‚Ä¶ https://t.co/Tx9YkRLoca",0.0,0.925,0.075,0.0772,Mon Dec 11 02:18:18 +0000 2017,".@SteveHiltonx: ""Republicans are wrong to claim that their tax bill will raise incomes as well. They don't seem to‚Ä¶ https://t.co/CN9RDW4k0n",0.134,0.776,0.091,-0.25,Sun Dec 10 22:00:08 +0000 2017,Sometimes it‚Äôs hard to keep track of what‚Äôs arriving when. But we‚Äôre here to help. https://t.co/peCXk6zyrC,0.077,0.773,0.149,0.3182
28,Sun Dec 10 15:03:04 +0000 2017,#SkiSunday is back! ‚õ∑üéø Join the team in Val D'Isere for the men's slalom. 5:15pm on @BBCTwo. https://t.co/mPdHEuxHOX https://t.co/w3pqO1lCn6,0.0,0.878,0.122,0.3595,Mon Dec 04 01:43:24 +0000 2017,RT @BobMackie: Our friend Tim Conway never failed to make us laugh #CarolBurnett50,0.0,0.513,0.487,0.8591,Sun Dec 10 22:15:09 +0000 2017,"UN chief says ""America First"" slogan is ""detrimental to American interests"" https://t.co/Fdmv3o9TUT https://t.co/T3Z51xTtC2",0.0,0.857,0.143,0.25,Mon Dec 11 01:52:56 +0000 2017,"Tigertown: Morris, Trammell elected to baseball Hall of Fame https://t.co/k4oeC4B79M",0.0,0.756,0.244,0.4404,Sun Dec 10 21:45:07 +0000 2017,"Alexandra Bell puts The New York Times under the microscope, and offers her own ‚Äúcounternarratives‚Äù of the news‚Ä¶ https://t.co/kPDfkmDx1g",0.0,1.0,0.0,0.0
29,Sun Dec 10 14:30:07 +0000 2017,"üí∞ @DanTDM has been named the highest-earning YouTuber of 2017 - making ¬£12.3m this year, according to @Forbes magaz‚Ä¶ https://t.co/yVEcwct3Es",0.0,1.0,0.0,0.0,Mon Dec 04 01:33:37 +0000 2017,RT @bpeters99: #CarolBurnett50  Am I the Only one with tears in my eyes while I give a standing ovation from my couch? One of the most bril‚Ä¶,0.076,0.924,0.0,-0.2263,Sun Dec 10 22:00:20 +0000 2017,"Even with Congress in session, all eyes will be on Alabama on Tuesday https://t.co/Qa1pMjzwfv https://t.co/PjNhNKkHcH",0.0,1.0,0.0,0.0,Mon Dec 11 01:45:28 +0000 2017,Jerry Brown: Trump doesn't fear 'the wrath of God' https://t.co/Vf4DSUpfZl,0.0,0.629,0.371,0.5759,Sun Dec 10 21:30:14 +0000 2017,"‚ÄúWe were all born to die.‚Äù In our video, we follow a mother who fights her own personal demons as her son fights ca‚Ä¶ https://t.co/s69owvxKdo",0.197,0.803,0.0,-0.6597
30,Sun Dec 10 14:00:06 +0000 2017,"Rebel Wilson reenacts her Pitch Perfect audition and it‚Äôs slap-tastic.

The Graham Norton Show | @BBCOne https://t.co/TYszXcf9ZH",0.083,0.725,0.192,0.4767,Mon Dec 04 01:24:51 +0000 2017,RT @SuperJen1117: This show is awesome...Some of the funniest women together on one stage üôåüèº‚ù§Ô∏è #CarolBurnett50,0.0,0.806,0.194,0.5574,Sun Dec 10 21:45:11 +0000 2017,Interior Secretary Ryan Zinke is pushing for a controversial road through a federally protected wilderness area in‚Ä¶ https://t.co/pDolVX4lDn,0.096,0.749,0.155,0.2732,Mon Dec 11 01:35:35 +0000 2017,"Democratic campaign flyer compares Roy Moore to George Wallace, says he supports segregation https://t.co/7ewJ1ob2gm",0.0,0.839,0.161,0.3612,Sun Dec 10 21:15:02 +0000 2017,A tour of Los Angeles‚Äôs flourishing pot scene https://t.co/lzSpDtPJkq,0.0,1.0,0.0,0.0
31,Sun Dec 10 13:30:05 +0000 2017,The BBC has made the 1930s issues of the complete Radio Times magazines available online for the first time. üìª Chec‚Ä¶ https://t.co/aeK8TTggDW,0.0,1.0,0.0,0.0,Mon Dec 04 01:13:30 +0000 2017,These two are just like sisters ‚ù§Ô∏è #CarolBurnett50 https://t.co/EPpyf2kOuV,0.0,0.762,0.238,0.3612,Sun Dec 10 21:30:06 +0000 2017,"""We should all be willing to listen to"" women who speak up about inappropriate sexual behavior, including President‚Ä¶ https://t.co/BtPynSIb5U",0.0,1.0,0.0,0.0,Mon Dec 11 01:20:48 +0000 2017,Mike Huckabee: Chelsea Handler's 'Vicious Attacks' Are Beginning to Backfire https://t.co/8aVWEi3DuZ,0.375,0.625,0.0,-0.6597,Sun Dec 10 21:00:07 +0000 2017,"In a live TV remake of the holiday classic ""A Christmas Story,"" Jane Krakowski plays Ralphie's teacher https://t.co/r1s6lxmM05",0.0,0.761,0.239,0.5719
32,Sun Dec 10 13:00:07 +0000 2017,"From Dark, to the return of The Crown &amp; a #DoctorWho Christmas special, here are the TV shows worth watching in Dec‚Ä¶ https://t.co/4qq2MlpONj",0.0,0.813,0.187,0.5574,Mon Dec 04 01:11:57 +0000 2017,RT @chattie: Watching #carolburnett50  can‚Äôt quit smiling. Brings me memories of watching on Saturday nights with my mom and grandma.,0.0,0.864,0.136,0.4588,Sun Dec 10 21:15:06 +0000 2017,The winners of the 2017 Nobel Peace Prize warn that nuclear destruction is 'one impulsive tantrum away'‚Ä¶ https://t.co/xzz1xLGCSw,0.265,0.403,0.332,0.4588,Mon Dec 11 01:10:23 +0000 2017,Goodell surprises terminally ill NY volunteer firefighter with Super Bowl tickets https://t.co/2VxzZSbKx0,0.159,0.511,0.33,0.4588,Sun Dec 10 20:45:13 +0000 2017,"As Alabama's Senate race winds down, residents are lamenting that policy issues didn't seize the spotlight https://t.co/5RaJtzyHAg",0.158,0.842,0.0,-0.4588
33,Sun Dec 10 12:43:52 +0000 2017,"RT @bbcthree: In 2011 BBC Three made a documentary about a boy who defied his bullies. 

Now #EverybodysTalkingAboutJamie again. https://t.‚Ä¶",0.0,1.0,0.0,0.0,Mon Dec 04 01:05:31 +0000 2017,RT @DanRocks98: Settling in for the #CarolBurnett50 special. This lady is comedy gold! A true staple of my childhood.,0.0,0.644,0.356,0.807,Sun Dec 10 21:00:42 +0000 2017,"""It's not at all a surprise that they (Russians) would make outreach to people they thought would have influence in‚Ä¶ https://t.co/24yiPExN9C",0.083,0.821,0.096,0.0736,Mon Dec 11 01:06:39 +0000 2017,"Armie Hammer apologizes for comments about Casey Affleck, sexual assault https://t.co/YsRDA3MtYl",0.248,0.588,0.163,-0.3182,Sun Dec 10 20:30:06 +0000 2017,"The week‚Äôs top stories, and a look ahead https://t.co/zoAsvlH7W5",0.0,0.795,0.205,0.2023
34,Sun Dec 10 12:30:03 +0000 2017,"'There's ignorance about employment law &amp; people don't want to hear complaints.'
Classical music has a sexual haras‚Ä¶ https://t.co/PpdlbV0Gck",0.189,0.811,0.0,-0.4063,Mon Dec 04 01:00:09 +0000 2017,She‚Äôs back! Tune in now to see The Carol Burnett 50th Anniversary Special on CBS and CBS All Access. #CarolBurnett50 https://t.co/HhvRmT5AR0,0.0,0.87,0.13,0.4574,Sun Dec 10 20:45:14 +0000 2017,Republican Sen. Susan Collins says she's not sure if she'll support the tax reform plan https://t.co/5YSNF3fLne https://t.co/tnM55Uu9G2,0.1,0.763,0.137,0.1872,Mon Dec 11 01:00:04 +0000 2017,RIGHT NOW: Brian @Kilmeade Goes Inside the Life and Legacy of Andrew Jackson - Tune in at 8p &amp; 11p ET on Fox News C‚Ä¶ https://t.co/xzmRjuuV8G,0.0,1.0,0.0,0.0,Sun Dec 10 20:23:00 +0000 2017,RT @danielle_ivory: NEW: Confidential internal EPA documents obtained by the @nytimes show that a slowdown of enforcement coincides with po‚Ä¶,0.0,1.0,0.0,0.0
35,Sun Dec 10 12:00:03 +0000 2017,"'Their birthdays are never easy.' 
Hannah is one of thousands of mums living with PTSD from experiencing traumatic‚Ä¶ https://t.co/lPMW5VXHfa",0.0,1.0,0.0,0.0,Mon Dec 04 00:25:16 +0000 2017,"Due to #NFL football overrun #CBS is delayed 11 min in: 
Atlanta 
Baltimore 
Columbus
Cleveland 
Toledo
Detroit
Fli‚Ä¶ https://t.co/oCkn11yJOR",0.095,0.905,0.0,-0.2263,Sun Dec 10 20:30:09 +0000 2017,Take a look at this week in politics https://t.co/8ktzXSEPN4 https://t.co/i8OYgFjIPJ,0.0,1.0,0.0,0.0,Mon Dec 11 00:59:58 +0000 2017,Pence responds to Abbas snub over Jerusalem decision https://t.co/qinBMGmKac,0.259,0.741,0.0,-0.4215,Sun Dec 10 20:19:26 +0000 2017,"RT @nytimesbooks: Did you love ""Brown Girl Dreaming""? @JackieWoodson will publish 2 new books for young readers next year. https://t.co/9jj‚Ä¶",0.0,0.811,0.189,0.6369
36,Sun Dec 10 11:30:06 +0000 2017,"How do you make puppets fall in love? ‚ù§Ô∏èÔ∏èüéé
Puppeteers reveal their techniques. https://t.co/GPNqLrFZit https://t.co/HfB09Yw8ek",0.0,0.769,0.231,0.6369,Sun Dec 03 20:00:02 +0000 2017,Relive the laughter and the magic in this star-studded tribute to everyone's favorite classic comedy show. Don't mi‚Ä¶ https://t.co/WV6jxBnRAt,0.0,0.648,0.352,0.8271,Sun Dec 10 20:15:03 +0000 2017,Futures trading is a new step for Bitcoin's wild ride https://t.co/GMHpH5Fw8z https://t.co/TmNf8tzIf8,0.0,1.0,0.0,0.0,Mon Dec 11 00:45:50 +0000 2017,'Coco' wins the box office again as theaters prepare for 'Star Wars: The Last Jedi' https://t.co/17yNivHLb7,0.169,0.657,0.174,0.0258,Sun Dec 10 20:15:02 +0000 2017,"Watching the ""Me, Too"" campaign, some particularly courageous Afghan women are more willing to talk about assaults https://t.co/Ws52CUJm2o",0.151,0.69,0.159,0.0498
37,Sun Dec 10 11:15:39 +0000 2017,"RT @CBeebiesHQ: He's the disco dancing, geography guide with the moves! üòé

@BBCStrictly doesn't know what's hit it! üòÜ

#GoJettersüï∫

#Strict‚Ä¶",0.0,1.0,0.0,0.0,Sun Dec 03 18:44:14 +0000 2017,"Tonight, spend an evening together with Carol Burnett and celebrity friends as they celebrate The Carol Burnett 50t‚Ä¶ https://t.co/uH2uM9cJFS",0.0,0.714,0.286,0.7783,Sun Dec 10 20:01:56 +0000 2017,She lost her leg after being hit by a drunk driver. Now she empowers fellow amputees to overcome their physical lim‚Ä¶ https://t.co/dINDZ5JW69,0.198,0.802,0.0,-0.5719,Mon Dec 11 00:38:23 +0000 2017,Rep. King: Worst Thing Trump Could Do Is Remove Mueller https://t.co/PkH1lj73CG,0.291,0.709,0.0,-0.6249,Sun Dec 10 20:00:08 +0000 2017,"He's 22, she's 81, and their friendship is melting hearts. A forgotten war orphan. The weird pot scene in L.A. https://t.co/epDpoj7vEX",0.284,0.606,0.11,-0.5574
38,Sun Dec 10 11:05:15 +0000 2017,"RT @BBCBreakfast: A clairvoyant cat? üêà Or a turtle in the know?üê¢
Animals in Russia are predicting the outcome of @FIFAWorldCup 2018 https:/‚Ä¶",0.0,1.0,0.0,0.0,Sun Dec 03 17:32:01 +0000 2017,Carol Burnett credits the close-knit cast for the success of her show. Join her and original cast members Vicki Law‚Ä¶ https://t.co/1rlNPUS5EJ,0.0,0.614,0.386,0.8658,Sun Dec 10 19:45:05 +0000 2017,Mix-and-match health coverage can be a risky alternative to Obamacare https://t.co/23NHVKbXQW https://t.co/76jyYlu0lj,0.153,0.847,0.0,-0.2023,Mon Dec 11 00:33:54 +0000 2017,RT @EricShawnTV: Not just Russia: A new call tonight for a 2nd Independent Counsel to investigate the #Obama Justice Department's handling‚Ä¶,0.0,0.841,0.159,0.5267,Sun Dec 10 19:45:06 +0000 2017,The risk can‚Äôt be ignored but isn‚Äôt as great as it may seem from a recent study https://t.co/M0Gfsl6tft,0.14,0.613,0.247,0.6652
39,Sun Dec 10 11:04:13 +0000 2017,RT @BBCOne: David Attenborough uncovers the story of Jumbo ‚Äì a celebrity animal superstar who is said to have inspired the movie Dumbo. Ton‚Ä¶,0.0,0.868,0.132,0.4939,Sun Dec 03 13:00:04 +0000 2017,Carol Burnett and friends reflect on how the show became an instant classic that's still celebrated today! Join the‚Ä¶ https://t.co/lZgVz9XSyM,0.0,0.647,0.353,0.8516,Sun Dec 10 19:41:08 +0000 2017,"CORRECTION: Jailed ""King of Spin"" Max Clifford dies in UK hospital https://t.co/mDlPZdNE9K https://t.co/qgHMGBdTP3",0.211,0.789,0.0,-0.4939,Mon Dec 11 00:26:43 +0000 2017,"Woman who looked at eclipse suffered crescent-shaped eye damage, study shows https://t.co/OHsZnVVkmv",0.39,0.61,0.0,-0.7506,Sun Dec 10 19:38:47 +0000 2017,The American ambassador to the UN said that the women who have accused Trump of sexual misconduct ‚Äúshould be heard‚Äù https://t.co/eN6Wg9hVRo,0.099,0.901,0.0,-0.296
40,Sun Dec 10 11:00:06 +0000 2017,Watch @ScottishBallet's incredible interpretations of Stravinsky. https://t.co/NGZuhnKutW https://t.co/vUOkoaJ7mc,0.0,1.0,0.0,0.0,Sun Dec 03 12:00:01 +0000 2017,"Tonight, celebrate with Carol Burnett, Vicki Lawrence, Lyle Waggoner &amp; more special guests! Find out how to watch T‚Ä¶ https://t.co/Rhm6RJ34u2",0.0,0.72,0.28,0.7897,Sun Dec 10 19:30:29 +0000 2017,Swedish police question suspects after synagogue attack https://t.co/3AlN0ZnOnc https://t.co/5Enu6RVoqw,0.44,0.56,0.0,-0.6705,Mon Dec 11 00:21:55 +0000 2017,OPINION: North Korea won't start a war - @realDonaldTrump shouldn't launch an attack https://t.co/PkqBVrsoDj,0.0,0.637,0.363,0.6908,Sun Dec 10 19:30:30 +0000 2017,‚ÄúThere is no place for anti-Semitism in our Swedish society. The perpetrators will answer for their crimes.‚Äù https://t.co/4MdjtivD9Z,0.208,0.792,0.0,-0.4939
41,Sun Dec 10 10:30:05 +0000 2017,‚úä @Time magazine has named 'the Silence Breakers' - women who spoke out against sexual abuse &amp; harassment - as its‚Ä¶ https://t.co/roSq8US4Ev,0.312,0.688,0.0,-0.8271,Sat Dec 02 15:55:39 +0000 2017,Stream Indiana at Michigan LIVE today at 12:30PM ET with a 1-month FREE trial of #CBSAllAccess. Just use promo code‚Ä¶ https://t.co/xRem3zSyEQ,0.0,0.825,0.175,0.6166,Sun Dec 10 19:15:12 +0000 2017,"President Trump has to live with the consequences of his Israel decision, writes Nic Robertson for @CNNOpinion‚Ä¶ https://t.co/QbOk7FJSwi",0.0,1.0,0.0,0.0,Mon Dec 11 00:14:39 +0000 2017,"OPINION: Obama still doesn‚Äôt get it ‚Äì optimism, not whining, grows an economy https://t.co/wvdPYwYMLp",0.0,0.68,0.32,0.6329,Sun Dec 10 19:15:12 +0000 2017,Pick up the phone rather than relying on apps https://t.co/j2WY3UJNOs,0.0,1.0,0.0,0.0
42,Sun Dec 10 10:23:23 +0000 2017,RT @BBCWthrWatchers: Some great pics of #UKsnow sent in by the early risers! https://t.co/b9Of6bvvIz,0.0,0.747,0.253,0.6588,Sat Dec 02 14:30:03 +0000 2017,Kristin Chenoweth (@KChenoweth) explains why audiences still crave Carol Burnett! Don't miss The Carol Burnett 50th‚Ä¶ https://t.co/kM92NTtTfs,0.0,0.902,0.098,0.1867,Sun Dec 10 19:01:09 +0000 2017,Alabama Senate candidate Roy Moore says he has never molested anyone https://t.co/4F7ipmrsLz https://t.co/quVFW9P8gs,0.0,0.833,0.167,0.3412,Mon Dec 11 00:10:21 +0000 2017,"Jonathan Wachtel on @POTUS' Israel decision: ""Of course there's a lot of concern in the world about where all this‚Ä¶ https://t.co/U68BNEXiW2",0.0,1.0,0.0,0.0,Sun Dec 10 19:00:20 +0000 2017,The map was expected to sell for over $1 million but was withdrawn from a Christie's sale https://t.co/yfDF7nfIXE,0.0,1.0,0.0,0.0
43,Sun Dec 10 10:21:03 +0000 2017,"RT @BBCR1: üéÑ BIG FESTIVE NEWS üéÑ

We've invited some of your favourite stars to take over Radio 1 on Christmas Day!

Get ready for Superstar‚Ä¶",0.0,0.763,0.237,0.7597,Sat Dec 02 13:00:07 +0000 2017,"Catch up on this amazing lineup of music specials! Here's how to watch Bruno Mars: 24K Magic Live at the Apollo, Th‚Ä¶ https://t.co/Jit2CzZJCY",0.0,0.821,0.179,0.6996,Sun Dec 10 18:45:08 +0000 2017,"""Time is of the essence,"" UN official says after visit to North Korea https://t.co/kPzalGuqWh https://t.co/KHWyssfkeX",0.0,1.0,0.0,0.0,Sun Dec 10 23:58:40 +0000 2017,"Jonathan Wachtel on @POTUS' Israel decision: ""Look at that speech word by word and you will see plenty of room in t‚Ä¶ https://t.co/HA7laZSQVo",0.0,1.0,0.0,0.0,Sun Dec 10 18:45:16 +0000 2017,Who are Rey's parents? The internet has theories. https://t.co/YnIOnS6jJX https://t.co/U4qIOOS7Rt,0.0,1.0,0.0,0.0
44,Sun Dec 10 10:19:47 +0000 2017,"RT @BBCEarth: These orca just want a meal, but they could be risking their lives. üíô#BluePlanet2 https://t.co/JeLlETfohs",0.163,0.773,0.064,-0.4215,Sat Dec 02 12:00:03 +0000 2017,Missed Bruno Mars: 24K Magic Live at the Apollo? Keep up! Watch the full show: https://t.co/itXpGB5gRm #BrunoMars https://t.co/8yyQlC1LML,0.128,0.872,0.0,-0.3595,Sun Dec 10 18:30:10 +0000 2017,The hidden fear driving the market surge https://t.co/jZVgAGZ7it https://t.co/MADYFBCHZ3,0.286,0.714,0.0,-0.4939,Sun Dec 10 23:56:34 +0000 2017,"Jonathan Wachtel on @POTUS' Israel decision: ""President #Trump isn't the only US president to have taken a bold ste‚Ä¶ https://t.co/I6XgbQOMkr",0.0,0.874,0.126,0.3818,Sun Dec 10 18:30:10 +0000 2017,Watch: Ashley Iorio and David Sands met at the United States Naval Academy and were wed on Veterans Day #Daily360‚Ä¶ https://t.co/zsM8BN4HxV,0.0,0.877,0.123,0.4215
45,Sun Dec 10 10:00:03 +0000 2017,"'Whilst I appreciate the lovely people slowing down, if you see somebody with a guide dog, just drive on. Ziggy's g‚Ä¶ https://t.co/CeH3p8geLq",0.0,0.735,0.265,0.7579,Fri Dec 01 22:43:05 +0000 2017,Reminisce with these classic photos and get ready to relive the magic when The Carol Burnett 50th Anniversary Speci‚Ä¶ https://t.co/yJQEzCjoSA,0.0,0.884,0.116,0.3612,Sun Dec 10 18:15:07 +0000 2017,Protesters and police clash outside US embassy in Beirut https://t.co/buz5mXWp3F https://t.co/X2JNZ8p3wP,0.16,0.84,0.0,-0.2263,Sun Dec 10 23:46:50 +0000 2017,".@RepDougCollins on @HillaryClinton investigation: ""[Clinton] has been around this town, she was not unaware of wha‚Ä¶ https://t.co/q8jgNevL4t",0.0,0.91,0.09,0.1511,Sun Dec 10 18:15:05 +0000 2017,"In an improbable turn of events, the sound of silence went viral https://t.co/oLYdOmma20",0.0,1.0,0.0,0.0
46,Sun Dec 10 09:30:03 +0000 2017,"‚ÄòWhy won‚Äôt he let me leave?!'
The #BluePlanet2 team had a rather unexpected visitor while filming in the Galapagos.‚Ä¶ https://t.co/vvBS7WorXO",0.0,1.0,0.0,0.0,Fri Dec 01 22:15:28 +0000 2017,"RT @LivinBiblically: In the beginning, there was Chip. And lo! Chip had a revelation. #LivingBiblically is a new comedy premiering Monday,‚Ä¶",0.0,0.866,0.134,0.4199,Sun Dec 10 18:00:09 +0000 2017,Heavy snow brings travel chaos to UK https://t.co/vVRzn8LEVP https://t.co/Mm7FLshDpW,0.316,0.684,0.0,-0.5719,Sun Dec 10 23:35:48 +0000 2017,"Hundreds of homes destroyed in California wildfires, @WillCarrFNC reports. @ANHQDC https://t.co/D1aSjJ5SWz https://t.co/a4a42SHdGy",0.225,0.775,0.0,-0.4939,Sun Dec 10 18:00:17 +0000 2017,"How to know if an app is appropriate for children, or even educational https://t.co/4LqtR4iPFg",0.0,1.0,0.0,0.0
47,Sun Dec 10 09:00:08 +0000 2017,"The Greek concept of philoxenia, which translates as ‚Äòlove of strangers‚Äô, is a warmth that makes foreigners feel im‚Ä¶ https://t.co/O3BzC7lUp3",0.0,0.857,0.143,0.4588,Fri Dec 01 21:00:12 +0000 2017,"Discover these pro football stars' off-the-field talents in MVP: Most Valuable Performer, airing Jan 25 on CBS! Fin‚Ä¶ https://t.co/g8jSRW8mQf",0.0,0.718,0.282,0.7707,Sun Dec 10 17:45:10 +0000 2017,Ski racer Lindsey Vonn injures back and pulls out of a competition in St. Moritz https://t.co/5zVmooeTLI https://t.co/KjveQNCQFs,0.0,1.0,0.0,0.0,Sun Dec 10 23:34:08 +0000 2017,'Stain on America!' @realDonaldTrump denounces 'Fake News Media' after string of major reporting errors exposed https://t.co/lcX2qh2WuV,0.454,0.546,0.0,-0.8398,Sun Dec 10 17:45:10 +0000 2017,At center stage of what looked like a Nine Inch Nails concert was Taylor Swift https://t.co/ByBFKKZWg1,0.0,0.751,0.249,0.5106
48,Sun Dec 10 08:00:06 +0000 2017,"A study of nearly 12,000 children in the UK found 25% were overweight or obese at age seven, rising to 35% at 11.‚Ä¶ https://t.co/41qA60xnUd",0.102,0.898,0.0,-0.3612,Fri Dec 01 20:17:18 +0000 2017,"Find out when #BigBrother celebrity edition, #AmazingRace, #Survivor, new drama @instinctcbs and new comedy‚Ä¶ https://t.co/4Psl74zcCB",0.0,1.0,0.0,0.0,Sun Dec 10 17:30:07 +0000 2017,UK foreign minister ends Iran trip with no announcement on jailed woman https://t.co/9wBvAfh8Qr https://t.co/2Wgp4dmdSE,0.31,0.69,0.0,-0.6597,Sun Dec 10 23:16:01 +0000 2017,Roy Moore denies misconduct allegations in new interview: 'I did not date underaged women' https://t.co/QiGmosf6eG,0.167,0.833,0.0,-0.4215,Sun Dec 10 17:30:11 +0000 2017,"Senator Richard Shelby, a fixture of Republican politics in Alabama, said on national television that the party cou‚Ä¶ https://t.co/zJePeEuBgO",0.0,0.863,0.137,0.4019
49,Sat Dec 09 20:30:12 +0000 2017,"GET EXCITED!! üé§‚ù§Ô∏èÔ∏èüé∂
@Camila_Cabello has set the release date of her debut album Camila for 12 January.‚Ä¶ https://t.co/gRtJVD7FEh",0.0,0.821,0.179,0.5743,Fri Dec 01 19:32:18 +0000 2017,Actress @BethBehrs explains why Carol Burnett is her hero! Celebrate her lasting influence with The Carol Burnett 5‚Ä¶ https://t.co/Lnt5P9jEu0,0.0,0.691,0.309,0.8221,Sun Dec 10 17:15:33 +0000 2017,The gold rush for black market fish bladders has pushed this tiny porpoise toward extinction #vaquita‚Ä¶ https://t.co/TQfbYwqPZc,0.0,1.0,0.0,0.0,Sun Dec 10 23:11:03 +0000 2017,"North Korea is hacking bitcoin exchanges as currency value soars, expert says https://t.co/jBDuJAYBjG",0.0,0.833,0.167,0.34,Sun Dec 10 17:15:15 +0000 2017,Opinion: It's been brutal for anyone who believes America‚Äôs public lands are best left in their natural state https://t.co/LzyFFs4u9h,0.153,0.597,0.25,0.3818
50,Sat Dec 09 20:00:03 +0000 2017,"Have we got five eight-year-olds robbing houses? No! We've got two bams with triplets. üòÇ
#ScotSquad via‚Ä¶ https://t.co/HUsw0CjaoY",0.135,0.865,0.0,-0.3595,Fri Dec 01 18:40:34 +0000 2017,"RT @instinctcbs: New drama #Instinct, starring @Alancumming, premieres Sunday, March 11 on @CBS! https://t.co/aaL0JXpqav",0.0,1.0,0.0,0.0,Sun Dec 10 17:03:05 +0000 2017,Voting for CNN Hero of the Year CLOSES Tuesday 12/12 at 11:59pm PT -- VOTE NOW at https://t.co/ANMKKlbytz!‚Ä¶ https://t.co/CuFQv7zB4U,0.0,0.822,0.178,0.5983,Sun Dec 10 23:07:03 +0000 2017,TONIGHT: Brian @Kilmeade Goes Inside the Life and Legacy of Andrew Jackson - Tune in at 8p &amp; 11p ET on Fox News Cha‚Ä¶ https://t.co/vK2B5y9nBz,0.0,1.0,0.0,0.0,Sun Dec 10 17:02:48 +0000 2017,We‚Äôre interested in hearing from parents whose children faced a serious illness. We invite you to share your experi‚Ä¶ https://t.co/U9UaNOtkNf,0.163,0.571,0.265,0.3612
51,Sat Dec 09 19:30:08 +0000 2017,"The history of condoms stretches back around 3,000 years ‚Äì but they still offer the best protection against STIs.‚Ä¶ https://t.co/shw3Jn5og1",0.0,0.756,0.244,0.7783,Fri Dec 01 18:16:37 +0000 2017,"RT @AmazingRaceCBS: On your marks... #AmazingRace returns Wednesday, January 3! https://t.co/XMSJSUymUZ",0.0,1.0,0.0,0.0,Sun Dec 10 16:51:30 +0000 2017,"Here's your ski resort guide to St. Moritz, Switzerland https://t.co/9NcNA31QQ1 https://t.co/57kMyQRIOa",0.0,1.0,0.0,0.0,Sun Dec 10 23:02:01 +0000 2017,Pelosi suggests Trump early days in office like neophyte performing 'brain surgery' https://t.co/fjDqHcSYw7,0.0,0.828,0.172,0.3612,Sun Dec 10 17:00:21 +0000 2017,"‚ÄúThey gave me 50/50, but we‚Äôve changed it to 51/49, so that I have the upper hand."" https://t.co/WpJn4eejKV https://t.co/VZqrtaXUDY",0.0,1.0,0.0,0.0
52,Sat Dec 09 19:00:02 +0000 2017,"Sexually frivolous and morally ambiguous. 
Meet pro wrestling‚Äôs pansexual phenomenon...üè≥Ô∏è‚Äçüåàü§º‚Äç‚ôÄÔ∏è
Via @BBC5Live. https://t.co/2Asruxhnv8",0.0,1.0,0.0,0.0,Fri Dec 01 18:10:11 +0000 2017,RT @CBSBigBrother: Mark. Your. Calendars. The celebrity edition of #BigBrother premieres February 7! https://t.co/nP3Do6jTwM,0.0,1.0,0.0,0.0,Sun Dec 10 16:30:09 +0000 2017,"""King of Spin"" Max Clifford dies in UK jail https://t.co/mDlPZdNE9K https://t.co/XodLjZtMLQ",0.0,1.0,0.0,0.0,Sun Dec 10 22:56:03 +0000 2017,"At his rally Friday in Florida, @POTUS reiterated his hard-line stance on immigration. https://t.co/23mOEFXJ7a https://t.co/lTWYHgjgJS",0.0,1.0,0.0,0.0,Sun Dec 10 16:45:05 +0000 2017,President Trump called for a Washington Post reporter to be fired over a misleading tweet https://t.co/60rquXrO18,0.344,0.656,0.0,-0.743
53,Sat Dec 09 18:39:17 +0000 2017,"RT @BBCWthrWatchers: Ok, so #snow can be a pain ...but wow üòç 
We're all feeling just a little more festive after your great efforts today!‚Ä¶",0.096,0.468,0.436,0.8911,Fri Dec 01 14:00:04 +0000 2017,The Angels await you... catch up on the world's most celebrated fashion show now! Watch the full 2017‚Ä¶ https://t.co/xfYDbEzpfX,0.0,0.749,0.251,0.6893,Sun Dec 10 16:20:39 +0000 2017,"Alabama Sen. Richard Shelby says he ""couldn't vote for Roy Moore"" https://t.co/3T8Xq0vCXe https://t.co/mIZijkBue1",0.0,1.0,0.0,0.0,Sun Dec 10 22:51:04 +0000 2017,".@JudgeJeanine: ""There have been times in our history where corruption and lawlessness were so pervasive, that exam‚Ä¶ https://t.co/ch5iDTkxxW",0.0,1.0,0.0,0.0,Sun Dec 10 16:30:08 +0000 2017,Thousands of protesters chanted slogans against Trump‚Äôs decision to recognize Jerusalem as the capital of Israel https://t.co/icMzSfgJ0k,0.106,0.894,0.0,-0.2263
54,Sat Dec 09 18:39:10 +0000 2017,"RT @bbcthree: YOU'VE BEEN LIVING A LIE.
https://t.co/YUCx48Mv0o",0.0,1.0,0.0,0.0,Fri Dec 01 12:00:03 +0000 2017,"Comedy stars Amy Poehler, Bill Hader, @MayaRudolph &amp; @TraceeEllisRoss give the legendary Tarzan yell a try- but no‚Ä¶ https://t.co/lrrHE2f9Nv",0.0,0.907,0.093,0.1901,Sun Dec 10 16:00:24 +0000 2017,What a shot! The most amazing sports photos of 2017 https://t.co/bhSvDBYijR https://t.co/P8fBoXNPf2,0.0,0.695,0.305,0.6581,Sun Dec 10 22:50:34 +0000 2017,"Intruder shot in Pennsylvania home invasion attempt was homeowner's relative, police say https://t.co/GLQCZ1cKBV",0.0,1.0,0.0,0.0,Sun Dec 10 16:15:07 +0000 2017,Rising incomes allow China‚Äôs retirees to enjoy a retirement that would have been unthinkable for their parents https://t.co/w4gBshsfmM,0.0,0.746,0.254,0.6249
55,Sat Dec 09 18:35:51 +0000 2017,"RT @bbcstories: Do our young men lack positive role models? Davis thought so, so he founded The Manhood Academy. #EverydayHeroes https://t.‚Ä¶",0.092,0.763,0.145,0.3182,Fri Dec 01 01:31:30 +0000 2017,Action-adventure series 'Blood &amp; Treasure' has been picked up for broadcast in Summer 2019: https://t.co/gAjqbF5bYh https://t.co/3cTBH9AKFI,0.0,0.872,0.128,0.296,Sun Dec 10 15:57:01 +0000 2017,"UN Chief Ant√≥nio Guterres: ""It's essential to understand that refugees are not terrorists. They are the first victi‚Ä¶ https://t.co/x5MU0FygNd",0.0,0.845,0.155,0.5096,Sun Dec 10 22:46:37 +0000 2017,#ALSen Poll Average: Moore leads Jones 49.1% to 45.3%. https://t.co/1EIM8OFjvy,0.0,1.0,0.0,0.0,Sun Dec 10 16:14:28 +0000 2017,RT @EricLiptonNYT: There's widespread evidence that the Trump admin has been rolling back federal regulations. How about enforcement target‚Ä¶,0.0,1.0,0.0,0.0
56,Sat Dec 09 18:33:32 +0000 2017,"RT @BBCEarth: In Cape Verde, @ProjetoBioSal is on a mission to save baby turtles from human impact. üê¢
#OurBluePlanet w/ @AluciaProd https:/‚Ä¶",0.0,0.856,0.144,0.4939,Thu Nov 30 21:10:19 +0000 2017,Carol Burnett visited @TheTalkCBS to discuss how she got her start in show business! Watch The Carol Burnett 50th A‚Ä¶ https://t.co/EyqmFWZHEC,0.0,1.0,0.0,0.0,Sun Dec 10 15:45:09 +0000 2017,Pressure is mounting on Congress to act before year‚Äôs end on Deferred Action for Childhood Arrivals. What they deci‚Ä¶ https://t.co/AwRUbU4BJb,0.104,0.896,0.0,-0.296,Sun Dec 10 22:45:26 +0000 2017,".@GOPLeader: ""I have never watched a President so engaged... He wants to keep his promise to create more jobs and m‚Ä¶ https://t.co/RU4nIm3bbK",0.0,0.812,0.188,0.5267,Sun Dec 10 16:01:27 +0000 2017,@lucasgrindley We lost that challenge. Sorry about the error. Thanks for catching it! https://t.co/sZeNajXoe4,0.333,0.455,0.212,-0.3382
57,Sat Dec 09 18:33:25 +0000 2017,"RT @BBCSpringwatch: Brrr, a chilly one tonight!
Luckily we've some gorgeous grey seals in our advent calendar to warm to cockles of your he‚Ä¶",0.0,0.64,0.36,0.8655,Thu Nov 30 20:54:39 +0000 2017,"The world's most beloved fairy tales are reimagined as a dark &amp; twisted psychological thriller in ""Tell Me A Story,‚Ä¶ https://t.co/CytIswrRj1",0.0,0.773,0.227,0.6115,Sun Dec 10 15:43:09 +0000 2017,"""It is very important for the world...that the US engages,"" UN Chief Antonio Guterres tells @FareedZakaria during a‚Ä¶ https://t.co/FDF9ehtiri",0.0,0.896,0.104,0.2716,Sun Dec 10 22:42:05 +0000 2017,Do you agree with @JudgeJeanine? https://t.co/gllDDJFkna https://t.co/eCZmbrOiET,0.0,0.706,0.294,0.3612,Sun Dec 10 16:00:05 +0000 2017,The EPA under President Trump has slowed down efforts to punish polluters https://t.co/R1s7qP5oTR,0.368,0.632,0.0,-0.7506
58,Sat Dec 09 18:33:22 +0000 2017,"RT @bbcmusic: ‚ú®@RagNBoneManUK brought all the feels to #SLFN with his stunning performance of 'As You Are' 
Watch in full üëâhttps://t.co/JmZ‚Ä¶",0.0,0.885,0.115,0.3818,Thu Nov 30 17:40:02 +0000 2017,RT @RansomCBS: #Ransom star @luke_j_roberts on set in Budapest for Season 2! https://t.co/rgC5ylqSMp,0.0,1.0,0.0,0.0,Sun Dec 10 15:30:19 +0000 2017,"The Honest Company founder Jessica Alba tells @PoppyHarlowCNN that ""it‚Äôs tough when you‚Äôre the only woman in the ro‚Ä¶ https://t.co/14mpfoLC3A",0.066,0.789,0.145,0.4215,Sun Dec 10 22:40:26 +0000 2017,'Nancy Pelosi Is a Stooge': Bossie Reacts After House Minority Leader Criticizes Trump https://t.co/mIR88peLdE,0.167,0.833,0.0,-0.34,Sun Dec 10 15:57:05 +0000 2017,@AnonyMs_One Thanks for alerting us to the error. Sorry about that! https://t.co/sZeNajXoe4,0.265,0.556,0.179,-0.1007
59,Sat Dec 09 18:30:39 +0000 2017,30 years of Fairytale of New York: 10 true tales behind the @PoguesOfficial's Christmas favourite. üéÅüéÑ‚Ä¶ https://t.co/LClO0krtv0,0.0,0.851,0.149,0.4215,Thu Nov 30 17:30:05 +0000 2017,Comic @JayLeno reflects on the major impression Carol Burnett left on him. Celebrate The Carol Burnett 50th Anniver‚Ä¶ https://t.co/PIakndHJt1,0.0,0.752,0.248,0.6808,Sun Dec 10 15:16:21 +0000 2017,"""This is kind of the new normal,"" says California Gov. Jerry Brown, after a week of raging wildfires‚Ä¶ https://t.co/Sk6Yh2IffQ",0.167,0.833,0.0,-0.5267,Sun Dec 10 22:40:07 +0000 2017,"Haley: Trump's Jerusalem decision will 'fastball' peace, stop Israel 'bashing' https://t.co/xvsPJ0HS4D",0.15,0.612,0.238,0.3182,Sun Dec 10 15:45:12 +0000 2017,"Modern Love: What 9 years of therapy and ""open"" Scrabble taught her about love https://t.co/qAJC03ajuk (Correction:‚Ä¶ https://t.co/SepmMvhYqT",0.0,0.625,0.375,0.8555
60,Sat Dec 09 18:00:04 +0000 2017,"Ever wondered what London looked like 2000 years ago? üá¨üáß
#DiggingForBritain, now on @BBCiPlayer üëâ‚Ä¶ https://t.co/fd74UnWzF4",0.0,0.857,0.143,0.3612,Thu Nov 30 15:00:05 +0000 2017,"Watch #BrunoMars perform ""That's What I Like"" in Bruno Mars: 24K Magic Live at the Apollo: https://t.co/hAFcB9HpE3 https://t.co/I7ZWHdDYCP",0.0,0.865,0.135,0.3612,Sun Dec 10 15:02:54 +0000 2017,She lost her leg after being hit by a drunk driver. Now she empowers fellow amputees to overcome their physical lim‚Ä¶ https://t.co/EVxCuS4uQY,0.198,0.802,0.0,-0.5719,Sun Dec 10 22:39:26 +0000 2017,RT @EricShawnTV: I anchor at 6pm ET @FoxNews: The @POTUS @realDonaldTrump Peace plan for #Israel and the #Palestinians. Can he succeed? Her‚Ä¶,0.0,0.739,0.261,0.7717,Sun Dec 10 15:30:03 +0000 2017,Max Clifford was serving an 8-year sentence for sexual offenses against victims as young as 15 https://t.co/XqLWWte10z,0.239,0.697,0.065,-0.5423
61,Sat Dec 09 17:34:07 +0000 2017,"Tonight, @McInTweet is joined by @JasonManford and @TheVampsband. üåüüé∂üòÇ Michael McIntyre's Big Show. 8:20pm on‚Ä¶ https://t.co/NW4Y5gYger",0.0,1.0,0.0,0.0,Thu Nov 30 12:00:03 +0000 2017,"Watch #BrunoMars perform ""24K Magic"" in Bruno Mars: 24K Magic Live at the Apollo: https://t.co/UgD4fC5cS6 https://t.co/iTGKJSbjwY",0.0,1.0,0.0,0.0,Sun Dec 10 14:50:49 +0000 2017,A group of precocious kids had some tough questions for Santa Claus on @nbcsnl last night https://t.co/M70oxgiqRJ https://t.co/zDbbuNDoUT,0.086,0.914,0.0,-0.128,Sun Dec 10 22:37:34 +0000 2017,Netanyahu slams Turkey's Erdogan for claiming Israel is 'terrorist state' that 'kills children' https://t.co/GH4kgtHMOX,0.406,0.594,0.0,-0.8481,Sun Dec 10 15:15:10 +0000 2017,Your cat tattoo can have your actual cat in it https://t.co/4pxWo0GJ4F,0.0,1.0,0.0,0.0
62,Sat Dec 09 17:00:06 +0000 2017,"'I know it's not real because I'm surrounded by people eating crisps.' üòÇüé≠
#LiveAtTheApollo via @BBCTwo. https://t.co/1zwUd8oCvi",0.0,1.0,0.0,0.0,Thu Nov 30 07:52:09 +0000 2017,Missed Bruno Mars: 24K Magic Live at the Apollo Theater? Keep up! Watch the full show: https://t.co/itXpGB5gRm‚Ä¶ https://t.co/nkRMIUd2Df,0.128,0.872,0.0,-0.3595,Sun Dec 10 14:38:22 +0000 2017,Rep. Adam Schiff on Russian outreach to Hope Hicks: ‚ÄúIt‚Äôs not at all a surprise that they would make outreach to pe‚Ä¶ https://t.co/MwQM9RE14r,0.067,0.669,0.264,0.647,Sun Dec 10 22:36:02 +0000 2017,".@PressSec: ""It's laughable that President Obama thinks he has anything to do with the success of where the economy‚Ä¶ https://t.co/0kFm8uaokf",0.0,0.786,0.214,0.5994,Sun Dec 10 15:00:16 +0000 2017,"We interviewed members of 7 families who have spoken to parents, grandparents, sons or daughters about sexual assau‚Ä¶ https://t.co/RGe2KNXXEI",0.0,1.0,0.0,0.0
63,Sat Dec 09 16:30:06 +0000 2017,"Alice is a 26-year-old mum. She's married, she has schizophrenia &amp; she is fed up of being portrayed as 'dangerous'‚Ä¶ https://t.co/hy2APiuz5L",0.0,1.0,0.0,0.0,Thu Nov 30 04:09:55 +0000 2017,RT @CWatkinsTV: That. Was. Amazing! #BrunoMars,0.0,0.55,0.45,0.6239,Sun Dec 10 14:30:19 +0000 2017,Instagram is testing a standalone messaging app called Direct https://t.co/0B9ky2jDio https://t.co/EIP9KH2gmO,0.0,1.0,0.0,0.0,Sun Dec 10 22:30:02 +0000 2017,"Mike Eruzione, 1980 U.S. Men's Hockey Captain: ""[@POTUS] is somebody that you should respect. Whether you agree or‚Ä¶ https://t.co/PsJTcCcjON",0.0,0.752,0.248,0.6808,Sun Dec 10 14:30:24 +0000 2017,"In most places, a dollar is a dollar. But in the tax plan, the amount you make may be less important than how you m‚Ä¶ https://t.co/Zx7pr7K69P",0.0,0.939,0.061,0.1298
64,Sat Dec 09 16:00:06 +0000 2017,Astronomers have discovered the most distant 'supermassive' black hole known to science. ‚òÑüî≠ https://t.co/OYWmKfE4t4 https://t.co/10PPSeYkT2,0.0,1.0,0.0,0.0,Thu Nov 30 04:00:27 +0000 2017,The stage is üî•üî• #BrunoMars https://t.co/nykrDH46Bs,0.0,1.0,0.0,0.0,Sun Dec 10 14:28:37 +0000 2017,"US Ambassador to the United Nations Nikki Haley: ""Jerusalem is the capital of Israel...whatever is East Jerusalem o‚Ä¶ https://t.co/hnnw3xaf3q",0.0,0.865,0.135,0.4215,Sun Dec 10 22:28:43 +0000 2017,".@HeyTammyBruce: ""Since [@POTUS] was elected, 2.2 million jobs were created... We want that to continue."" https://t.co/lLHFVOxS3I",0.0,0.92,0.08,0.0772,Sun Dec 10 14:00:20 +0000 2017,"Ojai is a picturesque town known for healthy, spiritual living. The California fires have disrupted that. https://t.co/bPYRgMz3es",0.0,0.725,0.275,0.6486
65,Sat Dec 09 15:30:07 +0000 2017,Claire Foy talks about what will be her last outing as Britain‚Äôs longest serving monarch - and hints at choppy wate‚Ä¶ https://t.co/z6WuYfwM3d,0.0,1.0,0.0,0.0,Thu Nov 30 03:59:09 +0000 2017,RT @anitakearney65: I could watch this all night #Brunomars #BrunosTvSpecial so much fun to watch OMG,0.0,0.796,0.204,0.5542,Sun Dec 10 14:28:16 +0000 2017,US Ambassador to the United Nations Nikki Haley: ‚ÄúI have no concern‚Äù that President Trump‚Äôs Jerusalem decision will‚Ä¶ https://t.co/ZHep68YyhL,0.1,0.773,0.127,0.1531,Sun Dec 10 22:27:52 +0000 2017,"Catholic priest tells black family he was 'blinded by hate,' apologizes for burning cross 40 years ago on their law‚Ä¶ https://t.co/yYp2wOXPum",0.0,0.889,0.111,0.3612,Sun Dec 10 13:30:09 +0000 2017,Some consumers are finding they can get a better deal on prescription drugs by leaving their insurance cards at home https://t.co/qK3Wrewxyp,0.0,0.868,0.132,0.4404
66,Sat Dec 09 15:00:08 +0000 2017,"I'm celebrating natural beauty - 'Instagram isn't real life.' @IAmSonnyTurner
These five body positive champions ar‚Ä¶ https://t.co/uUr8AHsfgq",0.0,0.393,0.607,0.9517,Thu Nov 30 03:55:37 +0000 2017,Everybody put your hands up! #BrunoMars https://t.co/jU7NyttAqv,0.0,1.0,0.0,0.0,Sun Dec 10 14:22:03 +0000 2017,"US Ambassador to the United Nations Nikki Haley says moving the capital of Israel to Jerusalem will ""move the ball‚Ä¶ https://t.co/DbDpLD6McJ",0.0,0.877,0.123,0.4215,Sun Dec 10 22:21:16 +0000 2017,Do you agree with @JudgeJeanine? https://t.co/gllDDJWVLK https://t.co/n5U8fvV8OP,0.0,0.706,0.294,0.3612,Sun Dec 10 13:07:39 +0000 2017,"The Stone: For Veterans, a Path to Healing ‚ÄòMoral Injury‚Äô https://t.co/69S0AXL1cF",0.0,1.0,0.0,0.0
67,Sat Dec 09 14:30:02 +0000 2017,"Could you live with your partner alone in a remote lighthouse for 6 months?
Via @BBCWorldService. https://t.co/7gNRygiGKr",0.125,0.875,0.0,-0.25,Thu Nov 30 03:51:38 +0000 2017,RT @Sara_nurse: My 2yr old niece heard @BrunoMars and is now up singing and dancing #BrunosTVSpecial #BrunoMars,0.0,1.0,0.0,0.0,Sun Dec 10 14:13:18 +0000 2017,"Republican Alabama Sen. Richard Shelby says there's ""something for just about everybody"" in the GOP tax bill‚Ä¶ https://t.co/hy29AebKKk",0.0,1.0,0.0,0.0,Sun Dec 10 22:17:03 +0000 2017,"Presidents @BillClinton, George W. Bush, and @BarackObama all declared Jerusalem the capital of Israel. https://t.co/Ah7klpcFFy",0.0,1.0,0.0,0.0,Sun Dec 10 13:00:16 +0000 2017,"Trump sees the presidency as a prize he must fight to protect every waking moment, and Twitter is his Excalibur‚Ä¶ https://t.co/6aEvx25mLU",0.102,0.667,0.231,0.5106
68,Sat Dec 09 14:10:03 +0000 2017,"üéµ Jack Black‚Äôs Jumanji theme tune is the best. üòÇ
Via @BBCOne. https://t.co/bqpYxQ8cot",0.0,0.704,0.296,0.6369,Thu Nov 30 03:44:54 +0000 2017,"RT @AllieNY86: His voice is mesmerizing 
#BrunoMars",0.0,1.0,0.0,0.0,Sun Dec 10 14:12:33 +0000 2017,"‚ÄúI want to reiterate again: I didn‚Äôt vote for Roy Moore, I wouldn‚Äôt vote for Roy Moore, I think the Republican Part‚Ä¶ https://t.co/2R9DV9eqAo",0.0,0.936,0.064,0.0772,Sun Dec 10 22:09:50 +0000 2017,Rutgers announces punishment for professor accused of making anti-Semitic remarks https://t.co/DEfcQtRVpG,0.375,0.625,0.0,-0.6597,Sun Dec 10 12:30:13 +0000 2017,"Jerusalem is not just its postcard vistas. The day-in, day-out friction can be draining. https://t.co/kQqIbm7cqC",0.0,1.0,0.0,0.0
69,Sat Dec 09 13:35:04 +0000 2017,Dyslexie is a font that aims to overcome some of the problems that people with dyslexia can have when reading.‚Ä¶ https://t.co/d3GZEMdZgc,0.124,0.876,0.0,-0.4019,Thu Nov 30 03:37:13 +0000 2017,RT @BrunoMars: We love you MARY!!!! ‚ù§Ô∏è #BrunosTvSpecial,0.0,0.566,0.434,0.7482,Sun Dec 10 14:08:02 +0000 2017,"Republican Alabama Sen. Richard Shelby on Roy Moore‚Äôs accusers: ‚ÄúI think the women are believable, I have no reason‚Ä¶ https://t.co/cVbHjeOmTy",0.109,0.891,0.0,-0.296,Sun Dec 10 21:59:29 +0000 2017,The San Diego Fire-Rescue Department suited up Emily the arson investigation dog amid concern she was inhaling smok‚Ä¶ https://t.co/StVyPJ6lQr,0.0,1.0,0.0,0.0,Sun Dec 10 12:00:04 +0000 2017,"‚ÄúPlease do not shoot me"": Newly released body camera footage shows a police officer shooting an unarmed man in Ariz‚Ä¶ https://t.co/gN14S1iQu1",0.0,0.903,0.097,0.2584
70,Sat Dec 09 13:00:06 +0000 2017,"üî¨üå° Heard of Terrific Scientific, the BBC‚Äôs science campaign for primary pupils? 

If you know a brilliant teacher,‚Ä¶ https://t.co/DtpAloo5Fe",0.0,0.699,0.301,0.7845,Thu Nov 30 03:35:13 +0000 2017,RT @RDMichelleLNK: Loving a dose of #BrunoMars midweek. So amazing!,0.0,0.458,0.542,0.8513,Sun Dec 10 14:06:18 +0000 2017,"Republican Alabama Sen. Richard Shelby: ‚ÄúI couldn‚Äôt vote for Roy Moore, I didn‚Äôt vote for Roy Moore, I wrote in a d‚Ä¶ https://t.co/Q40njVbgsQ",0.0,1.0,0.0,0.0,Sun Dec 10 21:54:07 +0000 2017,".@WWE wrestler Rich Swann arrested, charged with battery of wrestler wife. https://t.co/9sNI5GCsUR",0.28,0.514,0.206,-0.0772,Sun Dec 10 11:47:06 +0000 2017,Protests in Lebanon Near U.S. Embassy After Trump‚Äôs Jerusalem Decision https://t.co/rhTl1as2l0,0.16,0.84,0.0,-0.2263
71,Sat Dec 09 12:31:04 +0000 2017,Many coastal communities are already battling the effects of sea level rise - and it's made worse by the fact that‚Ä¶ https://t.co/WRpTIDB2e9,0.215,0.785,0.0,-0.6369,Thu Nov 30 03:33:32 +0000 2017,We‚Äôre only halfway into the show. Get ready for more of your favorite #BrunoMars tunes! https://t.co/BJh0PeX864,0.0,0.698,0.302,0.7232,Sun Dec 10 14:01:06 +0000 2017,"An Iranian-Turkish gold trader admitted in a US court that he made ""maybe $150 million"" by helping Iran dodge inter‚Ä¶ https://t.co/yg1Kck4Zxt",0.0,0.833,0.167,0.3818,Sun Dec 10 21:44:06 +0000 2017,"On @ffweekend, @SheriffClarke slammed Rep. John Lewis for boycotting @POTUS's appearance at a Civil Rights museum i‚Ä¶ https://t.co/ThZPN1yHx5",0.144,0.856,0.0,-0.4019,Sun Dec 10 11:30:07 +0000 2017,"92 Somali citizens were flown out of the U.S. under orders of deportation, but their plane never made it to Somalia https://t.co/o0dc6Jm9A2",0.0,1.0,0.0,0.0
72,Sat Dec 09 12:00:02 +0000 2017,"Danielle is breaking deaf world records left right &amp; centre. üèä‚ù§Ô∏èÔ∏è
Via @BBCTheSocial. https://t.co/XRlJU7UdU7",0.0,1.0,0.0,0.0,Thu Nov 30 03:23:03 +0000 2017,"When #BrunoMars tells you to pick up the phone, that‚Äôs exactly what you do. https://t.co/JZDS26h3lL",0.0,1.0,0.0,0.0,Sun Dec 10 13:30:20 +0000 2017,The rise of a ‚Äòfish mafia‚Äô in this small Mexican town is killing off an entire population of small porpoises.‚Ä¶ https://t.co/AmToMyq64y,0.188,0.812,0.0,-0.6597,Sun Dec 10 21:37:42 +0000 2017,Boxer Stephen Smith's ear almost ripped off in Vegas bout https://t.co/ZyyeRusMD8,0.0,1.0,0.0,0.0,Sun Dec 10 11:00:12 +0000 2017,"What Trump‚Äôs decision to recognize Jerusalem as Israel‚Äôs capital means for the city, the conflict and the world https://t.co/TMzXarFvfL",0.113,0.887,0.0,-0.3182
73,Sat Dec 09 11:30:05 +0000 2017,Do you feel pressure when giving Christmas gifts? @DrRadhaModgil discusses the psychology of giving &amp; receiving gif‚Ä¶ https://t.co/DtkRGlOvdW,0.1,0.682,0.218,0.3818,Thu Nov 30 03:11:31 +0000 2017,RT @MargoSlade: Best way to relax after a hard day of work watching #BrunoMars on #BrunosTVSpecial my heart is the happiest,0.049,0.557,0.394,0.8979,Sun Dec 10 13:00:24 +0000 2017,"We all tend to change our voices when talking to babies, but those changes can also vary across cultures. Here's ho‚Ä¶ https://t.co/knCYMFE4kH",0.0,1.0,0.0,0.0,Sun Dec 10 21:31:29 +0000 2017,"Haley: Trump's Jerusalem decision will 'fastball' peace, stop Israel 'bashing' https://t.co/xvsPJ0HS4D",0.15,0.612,0.238,0.3182,Sun Dec 10 10:58:30 +0000 2017,Janet Yellen Didn‚Äôt Set Out to Be a Feminist Hero https://t.co/ZBBXFKq6qG,0.0,0.714,0.286,0.5574
74,Sat Dec 09 10:59:05 +0000 2017,RT @bbcthree: Lynsey is saving condemned dogs and finding them forever homes. https://t.co/aF7j3gaZil,0.195,0.805,0.0,-0.4404,Thu Nov 30 03:09:54 +0000 2017,RT @Tiffany48184: Now that's how you open up a show!!!!! #BrunoMars,0.0,1.0,0.0,0.0,Sun Dec 10 12:31:30 +0000 2017,"‚ÄúWe're not looking for perfection, we're just looking for better than yesterday."" After rehab changed his life, Aar‚Ä¶ https://t.co/5HRacrBX3M",0.131,0.742,0.127,-0.0253,Sun Dec 10 21:24:21 +0000 2017,Princes William and Harry pick sculptor for Princess Diana statue https://t.co/TQ7F6Mso9F,0.0,1.0,0.0,0.0,Sun Dec 10 10:36:14 +0000 2017,"How Luke Bryan and Blake Shelton, 2 of Nashville‚Äôs biggest stars, are adapting to country‚Äôs new ways https://t.co/v9ZM6v9Rqr",0.0,1.0,0.0,0.0
75,Sat Dec 09 10:46:31 +0000 2017,"RT @bbcmusic: Nearly seven months later, we look back on the #OneLoveManchester concert staged by @ArianaGrande after the devastating attac‚Ä¶",0.185,0.815,0.0,-0.6486,Thu Nov 30 03:07:20 +0000 2017,RT if you‚Äôre ready to party with #BrunoMars!! https://t.co/o4qQoKOzgH,0.0,0.548,0.452,0.6988,Sun Dec 10 11:30:04 +0000 2017,"Four questions the November jobs report will help to answer:

- How low can unemployment go?

- Any remaining hurri‚Ä¶ https://t.co/3mVntmTOA4",0.211,0.675,0.114,-0.3182,Sun Dec 10 21:14:05 +0000 2017,#ALSen Poll Average: Moore leads Jones 49.1% to 45.3%. https://t.co/6Y2a2VAfBf,0.0,1.0,0.0,0.0,Sun Dec 10 10:19:16 +0000 2017,She survived a brain tumor at age 4. It was just the start of her fight. https://t.co/JmOzuWU2wz,0.242,0.605,0.153,-0.2263
76,Sat Dec 09 10:44:54 +0000 2017,"RT @BBCr4today: If you do one thing today...

Listen to Gaelynn Lea play the violin #r4today https://t.co/nXixd8e8rO",0.0,0.87,0.13,0.34,Thu Nov 30 03:06:38 +0000 2017,RT @BrunoMars: POP POP!!üí•üí• everyone tweet #BrunosTvSpecial! We on!!!! üçæ,0.0,1.0,0.0,0.0,Sun Dec 10 11:01:40 +0000 2017,Dramatic footage from @sarasidnerCNN shows one of the Southern California wildfires has jumped over a freeway while‚Ä¶ https://t.co/DFuXTPkuja,0.0,0.93,0.07,0.0516,Sun Dec 10 21:09:11 +0000 2017,Sarah Sanders: 'Laughable' for Obama to Try to Take Credit for Economy https://t.co/BxoqvvIAM8,0.0,0.822,0.178,0.3818,Sun Dec 10 10:02:12 +0000 2017,A new way of measuring school performance turns up some unexpected winners https://t.co/gU9YlIGWja,0.0,0.78,0.22,0.4767
77,Sat Dec 09 10:30:05 +0000 2017,"üëÇüèªüìñ @SJ_Watson was an audiology specialist before penning the international bestseller Before I Go To Sleep. 
5 peo‚Ä¶ https://t.co/RqDVSZ8Ntl",0.0,1.0,0.0,0.0,Thu Nov 30 03:03:15 +0000 2017,RT @Queentassia14: Bruno Mars Live at the Apollo!!!! Yeah I have to wake up at like 4 am for work.... but it's worth it. #BrunoMars #Brunos‚Ä¶,0.0,0.754,0.246,0.7067,Sun Dec 10 10:30:12 +0000 2017,New imaging finds crescent-shaped eye damage in a woman who tried to view the total solar eclipse in August‚Ä¶ https://t.co/SdkIu6dPPF,0.151,0.849,0.0,-0.4939,Sun Dec 10 20:59:00 +0000 2017,Comedian @hannibalburess arrested for disorderly intoxication https://t.co/oAqQxCQMKU,0.29,0.467,0.243,-0.128,Sun Dec 10 09:43:19 +0000 2017,"The Power of Touch, Especially for Men https://t.co/ZM0Vsniy2Z",0.0,1.0,0.0,0.0
78,Sat Dec 09 10:00:03 +0000 2017,"Mason has used his pocket money to fund random acts of kindness this year in memory of his brother, Ross. ‚ù§Ô∏èÔ∏è Via‚Ä¶ https://t.co/asKJ9me2MY",0.0,0.88,0.12,0.4588,Thu Nov 30 03:02:34 +0000 2017,RT @asbstar30: BRUNO #BrunoMars,0.0,1.0,0.0,0.0,Sun Dec 10 10:00:09 +0000 2017,The stock market has seen a record-breaking ascent this year. But who is actually making money off the boom? Rich p‚Ä¶ https://t.co/CJ8V8KtDJb,0.0,0.847,0.153,0.5574,Sun Dec 10 20:52:51 +0000 2017,.@Wendys trolls fast food hack on Twitter https://t.co/Ti1zUMjJ3y,0.0,1.0,0.0,0.0,Sun Dec 10 09:29:06 +0000 2017,"After the death of a young son, can a long road trip help a family to heal? https://t.co/PqFvd8sU6r",0.199,0.663,0.138,-0.296
79,Sat Dec 09 09:30:03 +0000 2017,"Who even needs a calculator anyway? 
Via BBC Minute https://t.co/5LIDp3hZXh",0.0,1.0,0.0,0.0,Thu Nov 30 02:59:59 +0000 2017,"Get on your feet, and prepare to dance. #BrunoMars is hitting the stage! https://t.co/yOyq8JlMZj",0.0,1.0,0.0,0.0,Sun Dec 10 09:30:17 +0000 2017,"Flu season is gaining speed in the United States, especially in the South, after getting off to a slow start‚Ä¶ https://t.co/nFotP1jG5X",0.103,0.675,0.222,0.4588,Sun Dec 10 20:51:04 +0000 2017,".@GovMikeHuckabee: ""[@ChelseaHandler's] called a late night host. I think it's so late now that she's not on anymor‚Ä¶ https://t.co/z0LKHSdXqr",0.0,1.0,0.0,0.0,Sun Dec 10 09:10:03 +0000 2017,"Tens of thousands of people said goodbye and ""Merci, Johnny"" to the French rocker Johnny Hallyday in Paris https://t.co/NIAg0tdWJa",0.0,1.0,0.0,0.0
80,Sat Dec 09 09:00:09 +0000 2017,"üìö From essays about Cuba‚Äôs transformation to a history of US nuclear policy, here are 10 books to read in December.‚Ä¶ https://t.co/XvF7FFPWF8",0.0,1.0,0.0,0.0,Thu Nov 30 02:45:03 +0000 2017,"Pop pop, it's showtime! Bruno Mars: 24K Magic Live at the Apollo starts at 10/9c on CBS, or try 1 month FREE of CBS‚Ä¶ https://t.co/cpCSYDKieM",0.0,0.842,0.158,0.6514,Sun Dec 10 09:00:37 +0000 2017,The gold rush for black market fish bladders has pushed this tiny porpoise toward extinction #vaquita‚Ä¶ https://t.co/5Wn1UGNZuC,0.0,1.0,0.0,0.0,Sun Dec 10 20:48:37 +0000 2017,.@nikkihaley: Jerusalem Decision Will Speed Up Middle East Peace Process https://t.co/GvI110MnKT,0.0,0.741,0.259,0.5423,Sun Dec 10 08:53:33 +0000 2017,"‚ÄòS.N.L.,‚Äô Santa and James Franco Relentlessly Tackle Sexual Harassment https://t.co/kgdLeYncPO",0.28,0.72,0.0,-0.5423
81,Sat Dec 09 08:00:03 +0000 2017,"There's around 500k pieces of space junk orbiting Earth, posing a huge threat to astronauts. The RemoveDebris space‚Ä¶ https://t.co/MLFaaVAxta",0.157,0.737,0.106,-0.2732,Thu Nov 30 00:06:05 +0000 2017,Calling all Bruno Mars' lovelies... don't miss Bruno Mars: 24K Magic Live at the Apollo tonight @ 10/9c on CBS &amp; CB‚Ä¶ https://t.co/nGOgukLMx9,0.0,0.936,0.064,0.1139,Sun Dec 10 08:30:15 +0000 2017,"US jobs continued their strong run in November as employers added 228,000 jobs and the unemployment rate remained a‚Ä¶ https://t.co/NYSqgRvB0s",0.12,0.744,0.136,0.1027,Sun Dec 10 20:43:54 +0000 2017,"Hillary Clinton portrait alerts security dogs, causes road closures in Miami https://t.co/crgFOpcXCM",0.0,0.821,0.179,0.34,Sun Dec 10 08:50:24 +0000 2017,"""To me, the college send-off was not a blues for Chloe. It was a celebration."" https://t.co/btkS6LZCJt",0.0,1.0,0.0,0.0
82,Fri Dec 08 19:30:05 +0000 2017,"As @Lord_Sugar's search for his next business partner continues, take an in-depth look at the remaining candidates.‚Ä¶ https://t.co/jkK7AHquzr",0.0,1.0,0.0,0.0,Wed Nov 29 23:20:13 +0000 2017,You'll treasure this special night with #BrunoMars! Find out how to watch Bruno Mars: 24K Magic Live at the Apollo‚Ä¶ https://t.co/qF2eRcJLSJ,0.0,0.772,0.228,0.6825,Sun Dec 10 08:00:19 +0000 2017,"""Horse people are a community... Leaving one behind is like leaving a child behind ... you just can't do it.""

Hors‚Ä¶ https://t.co/6Y888FVc4X",0.0,0.884,0.116,0.3612,Sun Dec 10 20:32:01 +0000 2017,".@JudgeJeanine: ""There is a cleansing needed in our FBI and Department of Justice. It needs to be cleansed of indiv‚Ä¶ https://t.co/EQixmUybUe",0.0,0.848,0.152,0.5267,Sun Dec 10 08:34:21 +0000 2017,He defected from North Korea more than 3 decades ago. So why won't the South accept him? https://t.co/ojIaNT0KB1,0.246,0.754,0.0,-0.5972
83,Fri Dec 08 19:00:06 +0000 2017,"'For me, drag is a device to entertain people and make them laugh.' üíãüíÖ
Via @BBCTheSocial. https://t.co/urnzq6NJJA",0.104,0.769,0.126,0.1027,Wed Nov 29 23:15:24 +0000 2017,RT @BrunoMars: Ladies put your hoops on tonight! Fellas break out that good cologne! #BrunosTvSpecial is airing on @CBS! What y‚Äôall trynna‚Ä¶,0.0,0.848,0.152,0.5826,Sun Dec 10 07:30:05 +0000 2017,How states that carried Trump to victory avoid one sticky part of the tax bill https://t.co/WJ7mEeH7TA https://t.co/NYXJI8onFY,0.121,0.879,0.0,-0.296,Sun Dec 10 20:31:19 +0000 2017,"Comstock opposes GOP support for Moore, suggests he'll face Hill ethics probe https://t.co/uxLqnZwwNt",0.0,0.816,0.184,0.4019,Sun Dec 10 08:15:10 +0000 2017,"Ruby Rose has a whole closet dedicated to skin and hair care. ""I consider this all self-care,"" she said. https://t.co/mGUBF2B6h9",0.0,0.733,0.267,0.7351
84,Fri Dec 08 18:30:15 +0000 2017,"You might think the hipster beard is a new trend, but the mid-19th century was a true golden age for massive facial‚Ä¶ https://t.co/dsJojiqMgH",0.0,0.844,0.156,0.5719,Wed Nov 29 23:14:57 +0000 2017,RT @YoungSheldon: Sheldon will do whatever it takes to get his hands on his own computer in tomorrow's all-new episode of #YoungSheldon! ht‚Ä¶,0.0,1.0,0.0,0.0,Sun Dec 10 07:00:16 +0000 2017,"State Department officials defended President Trump's recognition of Jerusalem as Israel's capital, saying it refle‚Ä¶ https://t.co/MfvgXGJ45B",0.0,1.0,0.0,0.0,Sun Dec 10 20:25:05 +0000 2017,.@NancyPelosi suggests @POTUS early days in office like neophyte performing 'brain surgery' https://t.co/WLfeOGxAOs https://t.co/UIfS8LqtL2,0.0,0.839,0.161,0.3612,Sun Dec 10 07:59:01 +0000 2017,"Actually, you do want to know how this sausage gets made https://t.co/SDmBZBmDkJ via @NYTScience",0.0,0.909,0.091,0.0772
85,Fri Dec 08 18:29:57 +0000 2017,"RT @bbcmusic: WHAT A LINE UP üòç
Tonight's #SLFN guest host: the incredible @DuaLipa üåπ
Performances from @KasabianHQ, @RagNBoneManUK, @RAYE a‚Ä¶",0.0,1.0,0.0,0.0,Wed Nov 29 23:13:40 +0000 2017,RT @survivorcbs: What drama will ensue on back-to-back episodes of #Survivor tonight? Watch a sneak peek now: https://t.co/LHcxyClSw1 https‚Ä¶,0.0,1.0,0.0,0.0,Sun Dec 10 06:30:08 +0000 2017,A woman who made it through a wildfire in Southern California turned her home into a donation site for victims‚Ä¶ https://t.co/psGRaWVtke,0.0,1.0,0.0,0.0,Sun Dec 10 20:18:06 +0000 2017,WATCH Part 2 of @nikkihaley's interview about @POTUS' Jerusalem decision and North Korea sanctions on‚Ä¶ https://t.co/vxHSb2PmTk,0.0,1.0,0.0,0.0,Sun Dec 10 07:40:01 +0000 2017,8 ways to have a better relationship in 2018 https://t.co/VlRuKBEKvC,0.0,0.707,0.293,0.4404
86,Fri Dec 08 18:28:12 +0000 2017,"RT @bbc5live: 10-year-old William thought he'd lost his camera when it was swept out to sea üì∑ üåä

But he's been reunited with it after it wa‚Ä¶",0.087,0.913,0.0,-0.3182,Wed Nov 29 22:34:56 +0000 2017,Discover every reason why #BrunoMars is 24K Magic! Watch Bruno Mars: 24K Magic Live at the Apollo tonight @ 10/9c o‚Ä¶ https://t.co/oaPjvl3rSW,0.0,1.0,0.0,0.0,Sun Dec 10 06:00:28 +0000 2017,Hispanic unemployment in the US is at an all-time low under President Trump https://t.co/pp37gMuqQR https://t.co/W0DQM5JLSY,0.278,0.722,0.0,-0.6124,Sun Dec 10 20:18:02 +0000 2017,".@SheriffClarke: ""If it weren't for the Republicans in Congress in the 1960s, there would be no Civil Rights Act. T‚Ä¶ https://t.co/oh6PowT7Nn",0.099,0.901,0.0,-0.296,Sun Dec 10 07:20:51 +0000 2017,An algorithm analyzed 52 million dolphin clicks. It found 7 distinct types of sounds. https://t.co/noyluyBGrH,0.0,1.0,0.0,0.0
87,Fri Dec 08 18:27:20 +0000 2017,"RT @BBCSpringwatch: We've some gorgeous gannets in today's advent calendar. üéÑüéÖüèΩ
They're busy building nests - I wonder if they can make wre‚Ä¶",0.0,0.833,0.167,0.6124,Wed Nov 29 21:07:33 +0000 2017,Did you catch these tiny moments during the 2017 Victoria's Secret Fashion Show? Find out what you may have missed:‚Ä¶ https://t.co/IIyupot9uU,0.0,1.0,0.0,0.0,Sun Dec 10 05:31:46 +0000 2017,"""My life depends on it. I need you to make your vote match your principles, Senator."" A man who says he was recentl‚Ä¶ https://t.co/i8HgQFVMXl",0.0,1.0,0.0,0.0,Sun Dec 10 20:17:02 +0000 2017,"On @ffweekend, @SheriffClarke slammed Rep. John Lewis for boycotting @POTUS's appearance at a Civil Rights museum i‚Ä¶ https://t.co/rzkhptkwKc",0.144,0.856,0.0,-0.4019,Sun Dec 10 07:04:24 +0000 2017,Older Venezuelans who have migrated say that arguably the biggest hardship is starting over in their sunset years https://t.co/Z9RfqIqtuH,0.202,0.798,0.0,-0.5106
88,Fri Dec 08 18:26:46 +0000 2017,RT @BBCOne: ‚ú® @Chris_Stark reveals the magic behind *that* BBC One Christmas tearjerker. https://t.co/FbLj5SrI6y,0.0,1.0,0.0,0.0,Wed Nov 29 20:41:13 +0000 2017,RT @funnyordie: Live! Watch Tim Meadows and Patrick Brammall of @NoActivityCBS play themselves in new 8-bit video game! https://t.co/nXCuHO‚Ä¶,0.0,0.858,0.142,0.4559,Sun Dec 10 05:01:09 +0000 2017,Facebook has made its internal sexual harassment policy public https://t.co/Mnhn3IkTo9 https://t.co/mb3KpYAhZa,0.259,0.741,0.0,-0.5423,Sun Dec 10 20:10:27 +0000 2017,WATCH Part 1 of @nikkihaley's interview about @POTUS' Jerusalem decision and North Korea sanctions on‚Ä¶ https://t.co/4ywwlcXajG,0.0,1.0,0.0,0.0,Sun Dec 10 06:48:22 +0000 2017,How to use an Instant Pot https://t.co/1nJIGi8N8Y https://t.co/C2Ic2vzmmg,0.0,1.0,0.0,0.0
89,Fri Dec 08 18:03:03 +0000 2017,üóì üé∂ @ClaudiaWinkle and @Claraamfo look back at this year's best music. The Year in Music 2017. 9pm on @BBCTwo.‚Ä¶ https://t.co/fqm4A0Wv3C,0.0,0.811,0.189,0.6369,Wed Nov 29 15:00:07 +0000 2017,The 'Only Angel' @Harry_Styles saw last night were the ones on the runway! Watch him perform at the #VSFashionShow:‚Ä¶ https://t.co/na8GAiZwmS,0.0,1.0,0.0,0.0,Sun Dec 10 04:30:04 +0000 2017,A @CNNMoney reporter bought $250 in bitcoin. Here's what he learned https://t.co/AXbsPWYfWQ https://t.co/OF973bs3zG,0.0,1.0,0.0,0.0,Sun Dec 10 20:07:01 +0000 2017,TONIGHT: Brian @Kilmeade Goes Inside the Life and Legacy of Andrew Jackson - Tune in at 8p &amp; 11p ET on Fox News Cha‚Ä¶ https://t.co/MVXkKU7bA0,0.0,1.0,0.0,0.0,Sun Dec 10 06:29:54 +0000 2017,Macron Steps Into Middle East Role as U.S. Retreats https://t.co/mSiyzgup8j,0.0,1.0,0.0,0.0
90,Fri Dec 08 17:30:07 +0000 2017,"üé¨ From the new Star Wars to the story of the worst movie ever made, here are 9 movies to watch in December. üëâ‚Ä¶ https://t.co/Zihk2ad0dz",0.268,0.732,0.0,-0.8271,Wed Nov 29 12:00:06 +0000 2017,This entire collection is drop-dead gorgeous. See all the most sizzling looks from the 2017 #VSFashionShow:‚Ä¶ https://t.co/zpTKXcm05r,0.0,0.8,0.2,0.6124,Sun Dec 10 04:01:07 +0000 2017,"References to climate change and the EPA's use of renewable energy have been removed from several of its web pages,‚Ä¶ https://t.co/f4IiBEOLx2",0.0,0.905,0.095,0.2732,Sun Dec 10 20:06:39 +0000 2017,"Swiss woman angry over champagne refusal ejected from plane 

https://t.co/DsVESiiYWO",0.244,0.593,0.163,-0.2732,Sun Dec 10 05:56:32 +0000 2017,These almond cookies need just 4 ingredients https://t.co/WxR0qJfsHF,0.0,1.0,0.0,0.0
91,Fri Dec 08 17:00:05 +0000 2017,"Sharks, bear markets, narwhals &amp; yak shaving - do you know the 
business beast ABC?
Full guide here üëâ‚Ä¶ https://t.co/kgxpnSZf4A",0.0,1.0,0.0,0.0,Wed Nov 29 09:09:48 +0000 2017,"Stars @Miguel, @Harry_Styles, @leslieodomjr &amp; more set the tone for a truly incredible show! Watch all the musical‚Ä¶ https://t.co/kmo4l3aGai",0.0,0.842,0.158,0.4926,Sun Dec 10 03:45:04 +0000 2017,"The critically acclaimed drama ""Big Little Lies"" is officially coming back for another season‚Ä¶ https://t.co/WmE6oKMtVQ",0.152,0.848,0.0,-0.3626,Sun Dec 10 20:05:30 +0000 2017,"RT @EricShawnTV: I anchor @FoxNews at 4 &amp; 6 pm ET: ""If North Korea even attempts to try and threaten the United States or any one of our al‚Ä¶",0.088,0.816,0.095,0.0516,Sun Dec 10 05:37:35 +0000 2017,"It has been several generations since Haiti was a major tourist destination, but it may become one again https://t.co/JpUVdMThi8",0.0,1.0,0.0,0.0
92,Fri Dec 08 16:30:06 +0000 2017,"Remember how we actually did alright at Eurovision this year? üé§üé∂

10 surprising music moments from 2017 you've alre‚Ä¶ https://t.co/hS72dmiWNE",0.0,0.814,0.186,0.4767,Wed Nov 29 08:39:05 +0000 2017,Some of the best moments happen behind the scenes! Here's your backstage pass to the 2017 Victoria's Secret Fashion‚Ä¶ https://t.co/S8MpOnhC6b,0.0,0.809,0.191,0.6696,Sun Dec 10 03:30:31 +0000 2017,The rise of a ‚Äòfish mafia‚Äô in this small Mexican town is killing off an entire population of small porpoises.‚Ä¶ https://t.co/RE2Aj4GJtB,0.188,0.812,0.0,-0.6597,Sun Dec 10 20:01:49 +0000 2017,"Moments ago, @FLOTUS called for charitable giving as the holidays approach. https://t.co/bMqn6mBKMs",0.0,0.539,0.461,0.7717,Sun Dec 10 05:21:08 +0000 2017,Many athletes have been told that smiling while sweating will make our efforts feel easier. But is it actually true? https://t.co/i9wPDL8lm8,0.0,0.677,0.323,0.8225
93,Fri Dec 08 14:00:08 +0000 2017,üë¶ü§îüëß Are you smarter than an 11-year-old? Take this quiz &amp; find out... https://t.co/JNbY5UN9QB https://t.co/nZWffIrmGv,0.0,0.824,0.176,0.4588,Wed Nov 29 08:22:35 +0000 2017,"From the sky-high heels to the jaw-dropping wings, these outfits are fashion goals! See all the best looks from the‚Ä¶ https://t.co/GnyZ8NnBYH",0.0,0.817,0.183,0.6696,Sun Dec 10 03:16:05 +0000 2017,"The official death toll in Puerto Rico from Hurricane Maria rises to 64, public safety agency says. Investigations‚Ä¶ https://t.co/IM9AcX6okY",0.165,0.717,0.118,-0.2732,Sun Dec 10 19:58:07 +0000 2017,".@nikkihaley on North Korea sanctions: ""The last time [China] completely cut off the oil, North Korea came to the t‚Ä¶ https://t.co/KddIYS43iP",0.107,0.893,0.0,-0.3384,Sun Dec 10 05:04:51 +0000 2017,The best TV shows of 2017 https://t.co/b6UzsqJTb8,0.0,0.588,0.412,0.6369
94,Fri Dec 08 13:39:18 +0000 2017,"RT @bbcmusic: üíñ@Harry_Styles is nominated for BBC Music Artist Of The Year, and we STILL have goosebumps from his beautiful 'Girl Crush' pe‚Ä¶",0.06,0.792,0.147,0.5106,Wed Nov 29 07:56:05 +0000 2017,Missed the world‚Äôs most celebrated fashion show? Catch up on your own time and watch the entire 2017 Victoria's Sec‚Ä¶ https://t.co/9OuYvHItzh,0.087,0.754,0.158,0.4201,Sun Dec 10 03:15:08 +0000 2017,The European Union has blacklisted 17 countries and territories as part of a crackdown on tax havens‚Ä¶ https://t.co/hJGEYT8o0v,0.0,1.0,0.0,0.0,Sun Dec 10 19:51:19 +0000 2017,".@nikkihaley on Jerusalem decision: ""When you bully Israel, you are not helping the peace process. We see Israel as‚Ä¶ https://t.co/pxZtiiahOq",0.318,0.682,0.0,-0.7869,Sun Dec 10 04:47:15 +0000 2017,Trump reduced the size of 2 monuments this week and plans for many others are unclear. We explored a few of those p‚Ä¶ https://t.co/lXFtPoN4kO,0.087,0.913,0.0,-0.25
95,Fri Dec 08 13:30:04 +0000 2017,"'If you don't get the angle right, it's not going to work.'
Can you #DoTheHuw? üòÇ https://t.co/hYxrN6C790",0.0,1.0,0.0,0.0,Wed Nov 29 06:41:12 +0000 2017,"RT @VictoriasSecret: That‚Äôs a wrap on the 2017 #VSFashionShow!! BIG thanks to the Angels, the people of Shanghai &amp; YOU for watching! https:‚Ä¶",0.0,0.848,0.152,0.5826,Sun Dec 10 03:03:13 +0000 2017,"‚ÄúIt‚Äôs more than a cup of coffee, it‚Äôs a human rights movement‚Äù says Amy Wright, who founded @bittyandbeauscoffee em‚Ä¶ https://t.co/PswOGnrE1K",0.0,1.0,0.0,0.0,Sun Dec 10 19:50:25 +0000 2017,"California wildfires kill at least 1 as high winds threaten more outbreaks 

https://t.co/9rLHJ0OZFP",0.422,0.578,0.0,-0.8074,Sun Dec 10 04:30:14 +0000 2017,"Here's how to get your body and mind in top shape in 2018, whatever that means for you https://t.co/xcs0zL1z12",0.0,0.909,0.091,0.2023
96,Fri Dec 08 13:00:06 +0000 2017,Stewards working at Prince Harry &amp; Meghan Markle's Royal Wedding have been told to watch Suits before the big day.‚Ä¶ https://t.co/ErN62dBvF6,0.0,1.0,0.0,0.0,Wed Nov 29 04:13:05 +0000 2017,Want to relive all of your favorite #VSFashionShow runway moments?  @GIPHY has you covered. https://t.co/mgfziAQR4c,0.0,0.751,0.249,0.5106,Sun Dec 10 02:45:06 +0000 2017,"Obama is right ‚Äî US democracy is fragile, writes Ruth Ben-Ghiat https://t.co/3HT3bbHVu6 (via @CNNOpinion) https://t.co/QNX9n7aDvC",0.0,1.0,0.0,0.0,Sun Dec 10 19:49:06 +0000 2017,"On @ffweekend, @Varneyco praised @POTUS's handling of the economy. https://t.co/0QufAxXL4E",0.0,0.738,0.262,0.4939,Sun Dec 10 04:11:22 +0000 2017,"Maybe your love of ‚ÄúStar Wars‚Äù runs deep. Maybe you're a newbie. We catch you up ahead of ""The Last Jedi.""‚Ä¶ https://t.co/tJHSnELSGV",0.0,0.826,0.174,0.6369
97,Fri Dec 08 12:30:03 +0000 2017,"The perfect warm drink for cold December evenings. ‚òïÔ∏èüòã 
Via @BBCFood. https://t.co/clDVQqgSOj",0.0,0.641,0.359,0.6808,Wed Nov 29 04:02:16 +0000 2017,"RT @vannalovescats: Another successful show. I‚Äôm so proud of all of the beautiful ladies, they all did amazing. The musical guests were FAN‚Ä¶",0.0,0.551,0.449,0.9476,Sun Dec 10 02:30:17 +0000 2017,"For the first time in American politics, anonymous ""dark money"" political donations could become tax-deductible‚Ä¶ https://t.co/8vx7gDtlKu",0.0,1.0,0.0,0.0,Sun Dec 10 19:47:43 +0000 2017,".@nikkihaley on Jerusalem decision: ""We will respect anything that the two parties come together on.""‚Ä¶ https://t.co/K5Mpz3e8nh",0.0,0.707,0.293,0.7003,Sun Dec 10 03:53:54 +0000 2017,26 casseroles for cold nights https://t.co/K2t598jCUP https://t.co/q5OEUXrScn,0.0,1.0,0.0,0.0
98,Fri Dec 08 12:19:35 +0000 2017,"RT @bbcworldservice: ""Falls reduced by 60%."" Why some care home residents are 'pimping' their walking frames. Follow the link for more from‚Ä¶",0.0,0.868,0.132,0.4939,Wed Nov 29 04:00:58 +0000 2017,55 Models. 88 Looks. 1 FABULOUS Night. #VSFashionShow https://t.co/TmYqRjDRE5,0.0,0.629,0.371,0.6289,Sun Dec 10 02:21:56 +0000 2017,"University of Oklahoma quarterback Baker Mayfield wins the Heisman Trophy, as college football's best player‚Ä¶ https://t.co/e9BpQH8fDi",0.0,0.639,0.361,0.836,Sun Dec 10 19:45:55 +0000 2017,".@nikkihaley on Jerusalem decision: ""[@POTUS] strongly believes that those final statuses should be decided between‚Ä¶ https://t.co/Ib5Hi7UCF1",0.0,0.877,0.123,0.2732,Sun Dec 10 03:35:12 +0000 2017,"In ‚ÄúHome,‚Äù an entire house is custom built, room by room, on stage before your astonished eyes https://t.co/XpinY2NTHL",0.0,0.867,0.133,0.3818
99,Fri Dec 08 12:00:07 +0000 2017,Professional clowns must choose a unique facial makeup design ‚Äì and they have an unusual way of ‚Äòprotecting‚Äô it fro‚Ä¶ https://t.co/zmkytd7z8v,0.0,1.0,0.0,0.0,Wed Nov 29 03:57:07 +0000 2017,Two. Million. Dollar. Bra. üòÆ  #VSFashionShow https://t.co/4dp7RbMHlp,0.0,1.0,0.0,0.0,Sun Dec 10 02:15:02 +0000 2017,"Bitcoin's phenomenal rise this year may be making speculators very rich, but some observers say it's terrible for t‚Ä¶ https://t.co/RJ1TEaPxQR",0.169,0.732,0.099,-0.4026,Sun Dec 10 19:43:18 +0000 2017,".@nikkihaley on Jerusalem decision: ""We didn't set any parameters, we didn't say this was the final status, what we‚Ä¶ https://t.co/Iwdk8B9tvQ",0.0,1.0,0.0,0.0,Sun Dec 10 03:18:33 +0000 2017,Here‚Äôs how to become part of the small group of people that successfully achieve their New Year's resolution https://t.co/oBxWcJxlTM,0.0,0.849,0.151,0.4939
